"Country","Player","Goals","X1982","X1986","X2010","X2014","X1962","X1966","X1970","X1974","X1994","X1998","X1990","X2002","X1930","X1950","X2006","X1938","X1934","X1954","X1958","X1978"
"Algeria","Salah Assad",2,2,0,0,0,0,0,0,0,0,0,0,0,0,0,0,0,0,0,0,0
"Algeria","Abdelmoumene Djabou",2,0,0,0,2,0,0,0,0,0,0,0,0,0,0,0,0,0,0,0,0
"Algeria","Islam Slimani",2,0,0,0,2,0,0,0,0,0,0,0,0,0,0,0,0,0,0,0,0
"Algeria","Lakhdar Belloumi",1,1,0,0,0,0,0,0,0,0,0,0,0,0,0,0,0,0,0,0,0
"Algeria","Tedj Bensaoula",1,1,0,0,0,0,0,0,0,0,0,0,0,0,0,0,0,0,0,0,0
"Algeria","Yacine Brahimi",1,0,0,0,1,0,0,0,0,0,0,0,0,0,0,0,0,0,0,0,0
"Algeria","Sofiane Feghouli",1,0,0,0,1,0,0,0,0,0,0,0,0,0,0,0,0,0,0,0,0
"Algeria","Rafik Halliche",1,0,0,0,1,0,0,0,0,0,0,0,0,0,0,0,0,0,0,0,0
"Algeria","Rabah Madjer",1,1,0,0,0,0,0,0,0,0,0,0,0,0,0,0,0,0,0,0,0
"Algeria","Djamel Zidane",1,0,1,0,0,0,0,0,0,0,0,0,0,0,0,0,0,0,0,0,0
"Bulgaria","Hristo Stoichkov",6,0,0,0,0,0,0,0,0,6,0,0,0,0,0,0,0,0,0,0,0
"Bulgaria","Georgi Asparuhov",2,0,0,0,0,1,1,0,0,0,0,0,0,0,0,0,0,0,0,0,0
"Bulgaria","Hristo Bonev",2,0,0,0,0,0,0,1,1,0,0,0,0,0,0,0,0,0,0,0,0
"Bulgaria","Yordan Letchkov",2,0,0,0,0,0,0,0,0,2,0,0,0,0,0,0,0,0,0,0,0
"Bulgaria","Nasko Sirakov",2,0,1,0,0,0,0,0,0,1,0,0,0,0,0,0,0,0,0,0,0
"Bulgaria","Daniel Borimirov",1,0,0,0,0,0,0,0,0,1,0,0,0,0,0,0,0,0,0,0,0
"Bulgaria","Dinko Dermendzhiev",1,0,0,0,0,0,0,1,0,0,0,0,0,0,0,0,0,0,0,0,0
"Bulgaria","Plamen Getov",1,0,1,0,0,0,0,0,0,0,0,0,0,0,0,0,0,0,0,0,0
"Bulgaria","Todor Kolev",1,0,0,0,0,0,0,1,0,0,0,0,0,0,0,0,0,0,0,0,0
"Bulgaria","Emil Kostadinov",1,0,0,0,0,0,0,0,0,0,1,0,0,0,0,0,0,0,0,0,0
"Bulgaria","Asparuh Nikodimov",1,0,0,0,0,0,0,1,0,0,0,0,0,0,0,0,0,0,0,0,0
"Bulgaria","Dobromir Zhechev",1,0,0,0,0,0,0,1,0,0,0,0,0,0,0,0,0,0,0,0,0
"Bulgaria","Own goals",1,0,0,0,0,0,0,0,1,0,0,0,0,0,0,0,0,0,0,0,0
"Cameroon","Roger Milla",5,0,0,0,0,0,0,0,0,1,0,4,0,0,0,0,0,0,0,0,0
"Cameroon","Samuel Eto'o",3,0,0,2,0,0,0,0,0,0,0,0,1,0,0,0,0,0,0,0,0
"Cameroon","Patrick Mboma",2,0,0,0,0,0,0,0,0,0,1,0,1,0,0,0,0,0,0,0,0
"Cameroon","François Omam-Biyik",2,0,0,0,0,0,0,0,0,1,0,1,0,0,0,0,0,0,0,0,0
"Cameroon","Eugène Ekéké",1,0,0,0,0,0,0,0,0,0,0,1,0,0,0,0,0,0,0,0,0
"Cameroon","David Embé",1,0,0,0,0,0,0,0,0,1,0,0,0,0,0,0,0,0,0,0,0
"Cameroon","Emmanuel Kundé",1,0,0,0,0,0,0,0,0,0,0,1,0,0,0,0,0,0,0,0,0
"Cameroon","Joël Matip",1,0,0,0,1,0,0,0,0,0,0,0,0,0,0,0,0,0,0,0,0
"Cameroon","Grégoire Mbida",1,1,0,0,0,0,0,0,0,0,0,0,0,0,0,0,0,0,0,0,0
"Cameroon","Pierre Njanka",1,0,0,0,0,0,0,0,0,0,1,0,0,0,0,0,0,0,0,0,0
"Canada","Total",0,0,0,0,0,0,0,0,0,0,0,0,0,0,0,0,0,0,0,0,0
"Chile","Leonel Sánchez",4,0,0,0,0,4,0,0,0,0,0,0,0,0,0,0,0,0,0,0,0
"Chile","Marcelo Salas",4,0,0,0,0,0,0,0,0,0,4,0,0,0,0,0,0,0,0,0,0
"Chile","Jean Beausejour",2,0,0,1,1,0,0,0,0,0,0,0,0,0,0,0,0,0,0,0,0
"Chile","Atilio Cremaschi",2,0,0,0,0,0,0,0,0,0,0,0,0,0,2,0,0,0,0,0,0
"Chile","Rubén Marcos",2,0,0,0,0,0,2,0,0,0,0,0,0,0,0,0,0,0,0,0,0
"Chile","Jaime Ramírez",2,0,0,0,0,2,0,0,0,0,0,0,0,0,0,0,0,0,0,0,0
"Chile","Eladio Rojas",2,0,0,0,0,2,0,0,0,0,0,0,0,0,0,0,0,0,0,0,0
"Chile","Alexis Sánchez",2,0,0,0,2,0,0,0,0,0,0,0,0,0,0,0,0,0,0,0,0
"Chile","Guillermo Subiabre",2,0,0,0,0,0,0,0,0,0,0,0,0,2,0,0,0,0,0,0,0
"Chile","Jorge Toro",2,0,0,0,0,2,0,0,0,0,0,0,0,0,0,0,0,0,0,0,0
"Chile","Carlos Vidal",2,0,0,0,0,0,0,0,0,0,0,0,0,2,0,0,0,0,0,0,0
"Chile","Sergio Ahumada",1,0,0,0,0,0,0,0,1,0,0,0,0,0,0,0,0,0,0,0,0
"Chile","Charles Aránguiz",1,0,0,0,1,0,0,0,0,0,0,0,0,0,0,0,0,0,0,0,0
"Chile","Mark González",1,0,0,1,0,0,0,0,0,0,0,0,0,0,0,0,0,0,0,0,0
"Chile","Juan Carlos Letelier",1,1,0,0,0,0,0,0,0,0,0,0,0,0,0,0,0,0,0,0,0
"Chile","Rodrigo Millar",1,0,0,1,0,0,0,0,0,0,0,0,0,0,0,0,0,0,0,0,0
"Chile","Gustavo Moscoso",1,1,0,0,0,0,0,0,0,0,0,0,0,0,0,0,0,0,0,0,0
"Chile","Miguel Ángel Neira",1,1,0,0,0,0,0,0,0,0,0,0,0,0,0,0,0,0,0,0,0
"Chile","Andrés Prieto",1,0,0,0,0,0,0,0,0,0,0,0,0,0,1,0,0,0,0,0,0
"Chile","Fernando Riera",1,0,0,0,0,0,0,0,0,0,0,0,0,0,1,0,0,0,0,0,0
"Chile","George Robledo",1,0,0,0,0,0,0,0,0,0,0,0,0,0,1,0,0,0,0,0,0
"Chile","José Luis Sierra",1,0,0,0,0,0,0,0,0,0,1,0,0,0,0,0,0,0,0,0,0
"Chile","Jorge Valdivia",1,0,0,0,1,0,0,0,0,0,0,0,0,0,0,0,0,0,0,0,0
"Chile","Eduardo Vargas",1,0,0,0,1,0,0,0,0,0,0,0,0,0,0,0,0,0,0,0,0
"Chile","Own goals",1,0,0,0,0,0,0,0,0,0,0,0,0,1,0,0,0,0,0,0,0
"China","Total",0,0,0,0,0,0,0,0,0,0,0,0,0,0,0,0,0,0,0,0,0
"Colombia","James Rodríguez",6,0,0,0,6,0,0,0,0,0,0,0,0,0,0,0,0,0,0,0,0
"Colombia","Jackson Martínez",2,0,0,0,2,0,0,0,0,0,0,0,0,0,0,0,0,0,0,0,0
"Colombia","Bernardo Redín",2,0,0,0,0,0,0,0,0,0,0,2,0,0,0,0,0,0,0,0,0
"Colombia","Adolfo Valencia",2,0,0,0,0,0,0,0,0,2,0,0,0,0,0,0,0,0,0,0,0
"Colombia","Germán Aceros",1,0,0,0,0,1,0,0,0,0,0,0,0,0,0,0,0,0,0,0,0
"Colombia","Pablo Armero",1,0,0,0,1,0,0,0,0,0,0,0,0,0,0,0,0,0,0,0,0
"Colombia","Marcos Coll",1,0,0,0,0,1,0,0,0,0,0,0,0,0,0,0,0,0,0,0,0
"Colombia","Juan Guillermo Cuadrado",1,0,0,0,1,0,0,0,0,0,0,0,0,0,0,0,0,0,0,0,0
"Colombia","Hernán Gaviria",1,0,0,0,0,0,0,0,0,1,0,0,0,0,0,0,0,0,0,0,0
"Colombia","Teófilo Gutiérrez",1,0,0,0,1,0,0,0,0,0,0,0,0,0,0,0,0,0,0,0,0
"Colombia","Marino Klinger",1,0,0,0,0,1,0,0,0,0,0,0,0,0,0,0,0,0,0,0,0
"Colombia","Harold Lozano",1,0,0,0,0,0,0,0,0,1,0,0,0,0,0,0,0,0,0,0,0
"Colombia","Léider Preciado",1,0,0,0,0,0,0,0,0,0,1,0,0,0,0,0,0,0,0,0,0
"Colombia","Juan Fernando Quintero",1,0,0,0,1,0,0,0,0,0,0,0,0,0,0,0,0,0,0,0,0
"Colombia","Antonio Rada",1,0,0,0,0,1,0,0,0,0,0,0,0,0,0,0,0,0,0,0,0
"Colombia","Freddy Rincón",1,0,0,0,0,0,0,0,0,0,0,1,0,0,0,0,0,0,0,0,0
"Colombia","Carlos Valderrama",1,0,0,0,0,0,0,0,0,0,0,1,0,0,0,0,0,0,0,0,0
"Colombia","Francisco Zuluaga",1,0,0,0,0,1,0,0,0,0,0,0,0,0,0,0,0,0,0,0,0
"Costa Rica","Rónald Gómez",3,0,0,0,0,0,0,0,0,0,0,0,2,0,0,1,0,0,0,0,0
"Costa Rica","Paulo Wanchope",3,0,0,0,0,0,0,0,0,0,0,0,1,0,0,2,0,0,0,0,0
"Costa Rica","Bryan Ruiz",2,0,0,0,2,0,0,0,0,0,0,0,0,0,0,0,0,0,0,0,0
"Costa Rica","Joel Campbell",1,0,0,0,1,0,0,0,0,0,0,0,0,0,0,0,0,0,0,0,0
"Costa Rica","Juan Cayasso",1,0,0,0,0,0,0,0,0,0,0,1,0,0,0,0,0,0,0,0,0
"Costa Rica","Óscar Duarte",1,0,0,0,1,0,0,0,0,0,0,0,0,0,0,0,0,0,0,0,0
"Costa Rica","Róger Flores",1,0,0,0,0,0,0,0,0,0,0,1,0,0,0,0,0,0,0,0,0
"Costa Rica","Rónald González",1,0,0,0,0,0,0,0,0,0,0,1,0,0,0,0,0,0,0,0,0
"Costa Rica","Hernán Medford",1,0,0,0,0,0,0,0,0,0,0,1,0,0,0,0,0,0,0,0,0
"Costa Rica","Winston Parks",1,0,0,0,0,0,0,0,0,0,0,0,1,0,0,0,0,0,0,0,0
"Costa Rica","Marco Ureña",1,0,0,0,1,0,0,0,0,0,0,0,0,0,0,0,0,0,0,0,0
"Costa Rica","Mauricio Wright",1,0,0,0,0,0,0,0,0,0,0,0,1,0,0,0,0,0,0,0,0
"Croatia","Davor Šuker",6,0,0,0,0,0,0,0,0,0,6,0,0,0,0,0,0,0,0,0,0
"Croatia","Mario Mandžuki?",2,0,0,0,2,0,0,0,0,0,0,0,0,0,0,0,0,0,0,0,0
"Croatia","Ivica Oli?",2,0,0,0,1,0,0,0,0,0,0,0,1,0,0,0,0,0,0,0,0
"Croatia","Ivan Periši?",2,0,0,0,2,0,0,0,0,0,0,0,0,0,0,0,0,0,0,0,0
"Croatia","Robert Prosine?ki",2,0,0,0,0,0,0,0,0,0,2,0,0,0,0,0,0,0,0,0,0
"Croatia","Robert Jarni",1,0,0,0,0,0,0,0,0,0,1,0,0,0,0,0,0,0,0,0,0
"Croatia","Niko Kova?",1,0,0,0,0,0,0,0,0,0,0,0,0,0,0,1,0,0,0,0,0
"Croatia","Milan Rapai?",1,0,0,0,0,0,0,0,0,0,0,0,1,0,0,0,0,0,0,0,0
"Croatia","Darijo Srna",1,0,0,0,0,0,0,0,0,0,0,0,0,0,0,1,0,0,0,0,0
"Croatia","Mario Stani?",1,0,0,0,0,0,0,0,0,0,1,0,0,0,0,0,0,0,0,0,0
"Croatia","Goran Vlaovi?",1,0,0,0,0,0,0,0,0,0,1,0,0,0,0,0,0,0,0,0,0
"Croatia","Own goals",1,0,0,0,1,0,0,0,0,0,0,0,0,0,0,0,0,0,0,0,0
"Cuba","Héctor Socorro",3,0,0,0,0,0,0,0,0,0,0,0,0,0,0,0,3,0,0,0,0
"Cuba","Tomás Fernández",1,0,0,0,0,0,0,0,0,0,0,0,0,0,0,0,1,0,0,0,0
"Cuba","José Magriñá",1,0,0,0,0,0,0,0,0,0,0,0,0,0,0,0,1,0,0,0,0
"Czech Republic","Tomáš Rosický",2,0,0,0,0,0,0,0,0,0,0,0,0,0,0,2,0,0,0,0,0
"Czech Republic","Jan Koller",1,0,0,0,0,0,0,0,0,0,0,0,0,0,0,1,0,0,0,0,0
"Angola","Flávio",1,0,0,0,0,0,0,0,0,0,0,0,0,0,0,1,0,0,0,0,0
"Czechoslovakia","Old?ich Nejedlý",7,0,0,0,0,0,0,0,0,0,0,0,0,0,0,0,2,5,0,0,0
"Czechoslovakia","Tomáš Skuhravý",5,0,0,0,0,0,0,0,0,0,0,5,0,0,0,0,0,0,0,0,0
"Czechoslovakia","Zden?k Zikán",4,0,0,0,0,0,0,0,0,0,0,0,0,0,0,0,0,0,0,4,0
"Czechoslovakia","Adolf Scherer",3,0,0,0,0,3,0,0,0,0,0,0,0,0,0,0,0,0,0,0,0
"Czechoslovakia","Michal Bílek",2,0,0,0,0,0,0,0,0,0,0,2,0,0,0,0,0,0,0,0,0
"Czechoslovakia","Milan Dvo?ák",2,0,0,0,0,0,0,0,0,0,0,0,0,0,0,0,0,0,0,2,0
"Czechoslovakia","Václav Hovorka",2,0,0,0,0,0,0,0,0,0,0,0,0,0,0,0,0,0,0,2,0
"Czechoslovakia","Ladislav Petráš",2,0,0,0,0,0,0,2,0,0,0,0,0,0,0,0,0,0,0,0,0
"Czechoslovakia","Antonín Panenka",2,2,0,0,0,0,0,0,0,0,0,0,0,0,0,0,0,0,0,0,0
"Czechoslovakia","Antonín Pu?",2,0,0,0,0,0,0,0,0,0,0,0,0,0,0,0,0,2,0,0,0
"Czechoslovakia","Ji?í Feureisl",1,0,0,0,0,0,0,0,0,0,0,0,0,0,0,0,0,0,0,1,0
"Czechoslovakia","Ivan Hašek",1,0,0,0,0,0,0,0,0,0,0,1,0,0,0,0,0,0,0,0,0
"Czechoslovakia","Josef Kadraba",1,0,0,0,0,1,0,0,0,0,0,0,0,0,0,0,0,0,0,0,0
"Czechoslovakia","Vlastimil Kopecký",1,0,0,0,0,0,0,0,0,0,0,0,0,0,0,0,1,0,0,0,0
"Czechoslovakia","Josef Koš?álek",1,0,0,0,0,0,0,0,0,0,0,0,0,0,0,0,1,0,0,0,0
"Czechoslovakia","Luboš Kubík",1,0,0,0,0,0,0,0,0,0,0,1,0,0,0,0,0,0,0,0,0
"Czechoslovakia","Milan Luhový",1,0,0,0,0,0,0,0,0,0,0,1,0,0,0,0,0,0,0,0,0
"Czechoslovakia","Václav Mašek",1,0,0,0,0,1,0,0,0,0,0,0,0,0,0,0,0,0,0,0,0
"Czechoslovakia","Josef Masopust",1,0,0,0,0,1,0,0,0,0,0,0,0,0,0,0,0,0,0,0,0
"Czechoslovakia","Ji?í Sobotka",1,0,0,0,0,0,0,0,0,0,0,0,0,0,0,0,0,1,0,0,0
"Czechoslovakia","Jozef Štibrányi",1,0,0,0,0,1,0,0,0,0,0,0,0,0,0,0,0,0,0,0,0
"Czechoslovakia","František Svoboda",1,0,0,0,0,0,0,0,0,0,0,0,0,0,0,0,0,1,0,0,0
"Czechoslovakia","Josef Zeman",1,0,0,0,0,0,0,0,0,0,0,0,0,0,0,0,1,0,0,0,0
"Denmark","Jon Dahl Tomasson",5,0,0,1,0,0,0,0,0,0,0,0,4,0,0,0,0,0,0,0,0
"Denmark","Preben Elkjær Larsen",4,0,4,0,0,0,0,0,0,0,0,0,0,0,0,0,0,0,0,0,0
"Denmark","Jesper Olsen",3,0,3,0,0,0,0,0,0,0,0,0,0,0,0,0,0,0,0,0,0
"Denmark","Brian Laudrup",2,0,0,0,0,0,0,0,0,0,2,0,0,0,0,0,0,0,0,0,0
"Denmark","Michael Laudrup",2,0,1,0,0,0,0,0,0,0,1,0,0,0,0,0,0,0,0,0,0
"Denmark","Dennis Rommedahl",2,0,0,1,0,0,0,0,0,0,0,0,1,0,0,0,0,0,0,0,0
"Denmark","Nicklas Bendtner",1,0,0,1,0,0,0,0,0,0,0,0,0,0,0,0,0,0,0,0,0
"Denmark","John Eriksen",1,0,1,0,0,0,0,0,0,0,0,0,0,0,0,0,0,0,0,0,0
"Denmark","Thomas Helveg",1,0,0,0,0,0,0,0,0,0,1,0,0,0,0,0,0,0,0,0,0
"Denmark","Martin Jørgensen",1,0,0,0,0,0,0,0,0,0,1,0,0,0,0,0,0,0,0,0,0
"Denmark","Søren Lerby",1,0,1,0,0,0,0,0,0,0,0,0,0,0,0,0,0,0,0,0,0
"Denmark","Peter Møller",1,0,0,0,0,0,0,0,0,0,1,0,0,0,0,0,0,0,0,0,0
"Denmark","Allan Nielsen",1,0,0,0,0,0,0,0,0,0,1,0,0,0,0,0,0,0,0,0,0
"Denmark","Marc Rieper",1,0,0,0,0,0,0,0,0,0,1,0,0,0,0,0,0,0,0,0,0
"Denmark","Ebbe Sand",1,0,0,0,0,0,0,0,0,0,1,0,0,0,0,0,0,0,0,0,0
"Democratic Republic of Congo","Total",0,0,0,0,0,0,0,0,0,0,0,0,0,0,0,0,0,0,0,0,0
"East Germany","Joachim Streich",2,0,0,0,0,0,0,0,2,0,0,0,0,0,0,0,0,0,0,0,0
"East Germany","Martin Hoffmann",1,0,0,0,0,0,0,0,1,0,0,0,0,0,0,0,0,0,0,0,0
"East Germany","Jürgen Sparwasser",1,0,0,0,0,0,0,0,1,0,0,0,0,0,0,0,0,0,0,0,0
"East Germany","Own goals",1,0,0,0,0,0,0,0,1,0,0,0,0,0,0,0,0,0,0,0,0
"Ecuador","Agustín Delgado",3,0,0,0,0,0,0,0,0,0,0,0,1,0,0,2,0,0,0,0,0
"Ecuador","Enner Valencia",3,0,0,0,3,0,0,0,0,0,0,0,0,0,0,0,0,0,0,0,0
"Ecuador","Carlos Tenorio",2,0,0,0,0,0,0,0,0,0,0,0,0,0,0,2,0,0,0,0,0
"Ecuador","Iván Kaviedes",1,0,0,0,0,0,0,0,0,0,0,0,0,0,0,1,0,0,0,0,0
"Ecuador","Edison Méndez",1,0,0,0,0,0,0,0,0,0,0,0,1,0,0,0,0,0,0,0,0
"Egypt","Abdulrahman Fawzi",2,0,0,0,0,0,0,0,0,0,0,0,0,0,0,0,0,2,0,0,0
"Egypt","Magdi Abdelghani",1,0,0,0,0,0,0,0,0,0,0,1,0,0,0,0,0,0,0,0,0
"El Salvador","Luis Ramírez",1,1,0,0,0,0,0,0,0,0,0,0,0,0,0,0,0,0,0,0,0
"England","Gary Lineker",10,0,6,0,0,0,0,0,0,0,0,4,0,0,0,0,0,0,0,0,0
"England","Geoff Hurst",5,0,0,0,0,0,4,1,0,0,0,0,0,0,0,0,0,0,0,0,0
"England","Bobby Charlton",4,0,0,0,0,1,3,0,0,0,0,0,0,0,0,0,0,0,0,0,0
"England","Michael Owen",4,0,0,0,0,0,0,0,0,0,2,0,2,0,0,0,0,0,0,0,0
"England","David Beckham",3,0,0,0,0,0,0,0,0,0,1,0,1,0,0,1,0,0,0,0,0
"England","Steven Gerrard",3,0,0,1,0,0,0,0,0,0,0,0,0,0,0,2,0,0,0,0,0
"England","Roger Hunt",3,0,0,0,0,0,3,0,0,0,0,0,0,0,0,0,0,0,0,0,0
"England","Nat Lofthouse",3,0,0,0,0,0,0,0,0,0,0,0,0,0,0,0,0,0,3,0,0
"England","David Platt",3,0,0,0,0,0,0,0,0,0,0,3,0,0,0,0,0,0,0,0,0
"England","Ivor Broadis",2,0,0,0,0,0,0,0,0,0,0,0,0,0,0,0,0,0,2,0,0
"England","Tom Finney",2,0,0,0,0,0,0,0,0,0,0,0,0,0,0,0,0,0,1,1,0
"England","Ron Flowers",2,0,0,0,0,2,0,0,0,0,0,0,0,0,0,0,0,0,0,0,0
"England","Trevor Francis",2,2,0,0,0,0,0,0,0,0,0,0,0,0,0,0,0,0,0,0,0
"England","Derek Kevan",2,0,0,0,0,0,0,0,0,0,0,0,0,0,0,0,0,0,0,2,0
"England","Martin Peters",2,0,0,0,0,0,1,1,0,0,0,0,0,0,0,0,0,0,0,0,0
"England","Bryan Robson",2,2,0,0,0,0,0,0,0,0,0,0,0,0,0,0,0,0,0,0,0
"England","Alan Shearer",2,0,0,0,0,0,0,0,0,0,2,0,0,0,0,0,0,0,0,0,0
"England","Darren Anderton",1,0,0,0,0,0,0,0,0,0,1,0,0,0,0,0,0,0,0,0,0
"England","Peter Beardsley",1,0,1,0,0,0,0,0,0,0,0,0,0,0,0,0,0,0,0,0,0
"England","Sol Campbell",1,0,0,0,0,0,0,0,0,0,0,0,1,0,0,0,0,0,0,0,0
"England","Allan Clarke",1,0,0,0,0,0,0,1,0,0,0,0,0,0,0,0,0,0,0,0,0
"England","Joe Cole",1,0,0,0,0,0,0,0,0,0,0,0,0,0,0,1,0,0,0,0,0
"England","Peter Crouch",1,0,0,0,0,0,0,0,0,0,0,0,0,0,0,1,0,0,0,0,0
"England","Jermain Defoe",1,0,0,1,0,0,0,0,0,0,0,0,0,0,0,0,0,0,0,0,0
"England","Rio Ferdinand",1,0,0,0,0,0,0,0,0,0,0,0,1,0,0,0,0,0,0,0,0
"England","Jimmy Greaves",1,0,0,0,0,1,0,0,0,0,0,0,0,0,0,0,0,0,0,0,0
"England","Johnny Haynes",1,0,0,0,0,0,0,0,0,0,0,0,0,0,0,0,0,0,0,1,0
"England","Emile Heskey",1,0,0,0,0,0,0,0,0,0,0,0,1,0,0,0,0,0,0,0,0
"England","Gerry Hitchens",1,0,0,0,0,1,0,0,0,0,0,0,0,0,0,0,0,0,0,0,0
"England","Wilf Mannion",1,0,0,0,0,0,0,0,0,0,0,0,0,0,1,0,0,0,0,0,0
"England","Paul Mariner",1,1,0,0,0,0,0,0,0,0,0,0,0,0,0,0,0,0,0,0,0
"England","Stan Mortensen",1,0,0,0,0,0,0,0,0,0,0,0,0,0,1,0,0,0,0,0,0
"England","Jimmy Mullen",1,0,0,0,0,0,0,0,0,0,0,0,0,0,0,0,0,0,1,0,0
"England","Alan Mullery",1,0,0,0,0,0,0,1,0,0,0,0,0,0,0,0,0,0,0,0,0
"England","Wayne Rooney",1,0,0,0,1,0,0,0,0,0,0,0,0,0,0,0,0,0,0,0,0
"England","Paul Scholes",1,0,0,0,0,0,0,0,0,0,1,0,0,0,0,0,0,0,0,0,0
"England","Daniel Sturridge",1,0,0,0,1,0,0,0,0,0,0,0,0,0,0,0,0,0,0,0,0
"England","Matthew Upson",1,0,0,1,0,0,0,0,0,0,0,0,0,0,0,0,0,0,0,0,0
"England","Dennis Wilshaw",1,0,0,0,0,0,0,0,0,0,0,0,0,0,0,0,0,0,1,0,0
"England","Mark Wright",1,0,0,0,0,0,0,0,0,0,0,1,0,0,0,0,0,0,0,0,0
"England","Own goals",2,1,0,0,0,0,0,0,0,0,0,0,0,0,0,1,0,0,0,0,0
"France","Just Fontaine",13,0,0,0,0,0,0,0,0,0,0,0,0,0,0,0,0,0,0,13,0
"France","Thierry Henry",6,0,0,0,0,0,0,0,0,0,3,0,0,0,0,3,0,0,0,0,0
"France","Michel Platini",5,2,2,0,0,0,0,0,0,0,0,0,0,0,0,0,0,0,0,0,1
"France","Zinédine Zidane",5,0,0,0,0,0,0,0,0,0,2,0,0,0,0,3,0,0,0,0,0
"France","Raymond Kopa",4,0,0,0,0,0,0,0,0,0,0,0,0,0,0,0,0,0,1,3,0
"France","Dominique Rocheteau",4,2,1,0,0,0,0,0,0,0,0,0,0,0,0,0,0,0,0,0,1
"France","Karim Benzema",3,0,0,0,3,0,0,0,0,0,0,0,0,0,0,0,0,0,0,0,0
"France","Bernard Genghini",3,2,1,0,0,0,0,0,0,0,0,0,0,0,0,0,0,0,0,0,0
"France","Alain Giresse",3,3,0,0,0,0,0,0,0,0,0,0,0,0,0,0,0,0,0,0,0
"France","Jean Nicolas",3,0,0,0,0,0,0,0,0,0,0,0,0,0,0,0,2,1,0,0,0
"France","Roger Piantoni",3,0,0,0,0,0,0,0,0,0,0,0,0,0,0,0,0,0,0,3,0
"France","André Maschinot",2,0,0,0,0,0,0,0,0,0,0,0,0,2,0,0,0,0,0,0,0
"France","Jean-Pierre Papin",2,0,2,0,0,0,0,0,0,0,0,0,0,0,0,0,0,0,0,0,0
"France","Emmanuel Petit",2,0,0,0,0,0,0,0,0,0,2,0,0,0,0,0,0,0,0,0,0
"France","Didier Six",2,2,0,0,0,0,0,0,0,0,0,0,0,0,0,0,0,0,0,0,0
"France","Yannick Stopyra",2,0,2,0,0,0,0,0,0,0,0,0,0,0,0,0,0,0,0,0,0
"France","Lilian Thuram",2,0,0,0,0,0,0,0,0,0,2,0,0,0,0,0,0,0,0,0,0
"France","Patrick Vieira",2,0,0,0,0,0,0,0,0,0,0,0,0,0,0,2,0,0,0,0,0
"France","Jean Vincent",2,0,0,0,0,0,0,0,0,0,0,0,0,0,0,0,0,0,1,1,0
"France","Maryan Wisnieski",2,0,0,0,0,0,0,0,0,0,0,0,0,0,0,0,0,0,0,2,0
"France","Manuel Amoros",1,0,1,0,0,0,0,0,0,0,0,0,0,0,0,0,0,0,0,0,0
"France","Marc Berdoll",1,0,0,0,0,0,0,0,0,0,0,0,0,0,0,0,0,0,0,0,1
"France","Laurent Blanc",1,0,0,0,0,0,0,0,0,0,1,0,0,0,0,0,0,0,0,0,0
"France","Maxime Bossis",1,1,0,0,0,0,0,0,0,0,0,0,0,0,0,0,0,0,0,0,0
"France","Alain Couriol",1,1,0,0,0,0,0,0,0,0,0,0,0,0,0,0,0,0,0,0,0
"France","Héctor De Bourgoing",1,0,0,0,0,0,1,0,0,0,0,0,0,0,0,0,0,0,0,0,0
"France","Youri Djorkaeff",1,0,0,0,0,0,0,0,0,0,1,0,0,0,0,0,0,0,0,0,0
"France","Yvon Douis",1,0,0,0,0,0,0,0,0,0,0,0,0,0,0,0,0,0,0,1,0
"France","Christophe Dugarry",1,0,0,0,0,0,0,0,0,0,1,0,0,0,0,0,0,0,0,0,0
"France","Luis Fernández",1,0,1,0,0,0,0,0,0,0,0,0,0,0,0,0,0,0,0,0,0
"France","Jean-Marc Ferreri",1,0,1,0,0,0,0,0,0,0,0,0,0,0,0,0,0,0,0,0,0
"France","René Girard",1,1,0,0,0,0,0,0,0,0,0,0,0,0,0,0,0,0,0,0,0
"France","Olivier Giroud",1,0,0,0,1,0,0,0,0,0,0,0,0,0,0,0,0,0,0,0,0
"France","Gérard Hausser",1,0,0,0,0,0,1,0,0,0,0,0,0,0,0,0,0,0,0,0,0
"France","Oscar Heisserer",1,0,0,0,0,0,0,0,0,0,0,0,0,0,0,0,1,0,0,0,0
"France","Bernard Lacombe",1,0,0,0,0,0,0,0,0,0,0,0,0,0,0,0,0,0,0,0,1
"France","Marcel Langiller",1,0,0,0,0,0,0,0,0,0,0,0,0,1,0,0,0,0,0,0,0
"France","Lucien Laurent",1,0,0,0,0,0,0,0,0,0,0,0,0,1,0,0,0,0,0,0,0
"France","Bixente Lizarazu",1,0,0,0,0,0,0,0,0,0,1,0,0,0,0,0,0,0,0,0,0
"France","Christian Lopez",1,0,0,0,0,0,0,0,0,0,0,0,0,0,0,0,0,0,0,0,1
"France","Florent Malouda",1,0,0,1,0,0,0,0,0,0,0,0,0,0,0,0,0,0,0,0,0
"France","Blaise Matuidi",1,0,0,0,1,0,0,0,0,0,0,0,0,0,0,0,0,0,0,0,0
"France","Paul Pogba",1,0,0,0,1,0,0,0,0,0,0,0,0,0,0,0,0,0,0,0,0
"France","Franck Ribéry",1,0,0,0,0,0,0,0,0,0,0,0,0,0,0,1,0,0,0,0,0
"France","Moussa Sissoko",1,0,0,0,1,0,0,0,0,0,0,0,0,0,0,0,0,0,0,0,0
"France","Gérard Soler",1,1,0,0,0,0,0,0,0,0,0,0,0,0,0,0,0,0,0,0,0
"France","Jean Tigana",1,0,1,0,0,0,0,0,0,0,0,0,0,0,0,0,0,0,0,0,0
"France","Marius Trésor",1,1,0,0,0,0,0,0,0,0,0,0,0,0,0,0,0,0,0,0,0
"France","David Trézéguet",1,0,0,0,0,0,0,0,0,0,1,0,0,0,0,0,0,0,0,0,0
"France","Mathieu Valbuena",1,0,0,0,1,0,0,0,0,0,0,0,0,0,0,0,0,0,0,0,0
"France","Émile Veinante",1,0,0,0,0,0,0,0,0,0,0,0,0,0,0,0,1,0,0,0,0
"France","Georges Verriest",1,0,0,0,0,0,0,0,0,0,0,0,0,0,0,0,0,1,0,0,0
"France","Own goals",4,0,0,0,2,0,0,0,0,0,1,0,0,0,0,0,0,0,1,0,0
"Germany","Miroslav Klose",16,0,0,4,2,0,0,0,0,0,0,0,5,0,0,5,0,0,0,0,0
"Germany","Gerd Müller",14,0,0,0,0,0,0,10,4,0,0,0,0,0,0,0,0,0,0,0,0
"Germany","Jürgen Klinsmann",11,0,0,0,0,0,0,0,0,5,3,3,0,0,0,0,0,0,0,0,0
"Germany","Thomas Müller",10,0,0,5,5,0,0,0,0,0,0,0,0,0,0,0,0,0,0,0,0
"Germany","Helmut Rahn",10,0,0,0,0,0,0,0,0,0,0,0,0,0,0,0,0,0,4,6,0
"Germany","Karl-Heinz Rummenigge",9,5,1,0,0,0,0,0,0,0,0,0,0,0,0,0,0,0,0,0,3
"Germany","Uwe Seeler",9,0,0,0,0,2,2,3,0,0,0,0,0,0,0,0,0,0,0,2,0
"Germany","Rudi Völler",8,0,3,0,0,0,0,0,0,2,0,3,0,0,0,0,0,0,0,0,0
"Germany","Hans Schäfer",7,0,0,0,0,0,0,0,0,0,0,0,0,0,0,0,0,0,4,3,0
"Germany","Helmut Haller",6,0,0,0,0,0,6,0,0,0,0,0,0,0,0,0,0,0,0,0,0
"Germany","Lothar Matthäus",6,0,1,0,0,0,0,0,0,1,0,4,0,0,0,0,0,0,0,0,0
"Germany","Max Morlock",6,0,0,0,0,0,0,0,0,0,0,0,0,0,0,0,0,0,6,0,0
"Germany","Franz Beckenbauer",5,0,0,0,0,0,4,1,0,0,0,0,0,0,0,0,0,0,0,0,0
"Germany","Lukas Podolski",5,0,0,2,0,0,0,0,0,0,0,0,0,0,0,3,0,0,0,0,0
"Germany","Oliver Bierhoff",4,0,0,0,0,0,0,0,0,0,3,0,1,0,0,0,0,0,0,0,0
"Germany","Andreas Brehme",4,0,1,0,0,0,0,0,0,0,0,3,0,0,0,0,0,0,0,0,0
"Germany","Paul Breitner",4,1,0,0,0,0,0,0,3,0,0,0,0,0,0,0,0,0,0,0,0
"Germany","Edmund Conen",4,0,0,0,0,0,0,0,0,0,0,0,0,0,0,0,0,4,0,0,0
"Germany","Ottmar Walter",4,0,0,0,0,0,0,0,0,0,0,0,0,0,0,0,0,0,4,0,0
"Germany","Michael Ballack",3,0,0,0,0,0,0,0,0,0,0,0,3,0,0,0,0,0,0,0,0
"Germany","Pierre Littbarski",3,2,0,0,0,0,0,0,0,0,0,1,0,0,0,0,0,0,0,0,0
"Germany","Wolfgang Overath",3,0,0,0,0,0,0,1,2,0,0,0,0,0,0,0,0,0,0,0,0
"Germany","André Schürrle",3,0,0,0,3,0,0,0,0,0,0,0,0,0,0,0,0,0,0,0,0
"Germany","Fritz Walter",3,0,0,0,0,0,0,0,0,0,0,0,0,0,0,0,0,0,3,0,0
"Germany","Klaus Allofs",2,0,2,0,0,0,0,0,0,0,0,0,0,0,0,0,0,0,0,0,0
"Germany","Klaus Fischer",2,2,0,0,0,0,0,0,0,0,0,0,0,0,0,0,0,0,0,0,0
"Germany","Heinz Flohe",2,0,0,0,0,0,0,0,0,0,0,0,0,0,0,0,0,0,0,0,2
"Germany","Karl Hohmann",2,0,0,0,0,0,0,0,0,0,0,0,0,0,0,0,0,2,0,0,0
"Germany","Mats Hummels",2,0,0,0,2,0,0,0,0,0,0,0,0,0,0,0,0,0,0,0,0
"Germany","Sami Khedira",2,0,0,1,1,0,0,0,0,0,0,0,0,0,0,0,0,0,0,0,0
"Germany","Toni Kroos",2,0,0,0,2,0,0,0,0,0,0,0,0,0,0,0,0,0,0,0,0
"Germany","Ernst Lehner",2,0,0,0,0,0,0,0,0,0,0,0,0,0,0,0,0,2,0,0,0
"Germany","Dieter Müller",2,0,0,0,0,0,0,0,0,0,0,0,0,0,0,0,0,0,0,0,2
"Germany","Oliver Neuville",2,0,0,0,0,0,0,0,0,0,0,0,1,0,0,1,0,0,0,0,0
"Germany","Mesut Özil",2,0,0,1,1,0,0,0,0,0,0,0,0,0,0,0,0,0,0,0,0
"Germany","Bastian Schweinsteiger",2,0,0,0,0,0,0,0,0,0,0,0,0,0,0,2,0,0,0,0,0
"Germany","Rüdiger Abramczik",1,0,0,0,0,0,0,0,0,0,0,0,0,0,0,0,0,0,0,0,1
"Germany","Uwe Bein",1,0,0,0,0,0,0,0,0,0,0,1,0,0,0,0,0,0,0,0,0
"Germany","Marco Bode",1,0,0,0,0,0,0,0,0,0,0,0,1,0,0,0,0,0,0,0,0
"Germany","Rainer Bonhof",1,0,0,0,0,0,0,0,1,0,0,0,0,0,0,0,0,0,0,0,0
"Germany","Albert Brülls",1,0,0,0,0,1,0,0,0,0,0,0,0,0,0,0,0,0,0,0,0
"Germany","Cacau",1,0,0,1,0,0,0,0,0,0,0,0,0,0,0,0,0,0,0,0,0
"Germany","Hans Cieslarczyk",1,0,0,0,0,0,0,0,0,0,0,0,0,0,0,0,0,0,0,1,0
"Germany","Bernhard Cullmann",1,0,0,0,0,0,0,0,1,0,0,0,0,0,0,0,0,0,0,0,0
"Germany","Lothar Emmerich",1,0,0,0,0,0,1,0,0,0,0,0,0,0,0,0,0,0,0,0,0
"Germany","Arne Friedrich",1,0,0,1,0,0,0,0,0,0,0,0,0,0,0,0,0,0,0,0,0
"Germany","Torsten Frings",1,0,0,0,0,0,0,0,0,0,0,0,0,0,0,1,0,0,0,0,0
"Germany","Josef Gauchel",1,0,0,0,0,0,0,0,0,0,0,0,0,0,0,0,1,0,0,0,0
"Germany","Mario Götze",1,0,0,0,1,0,0,0,0,0,0,0,0,0,0,0,0,0,0,0,0
"Germany","Jürgen Grabowski",1,0,0,0,0,0,0,0,1,0,0,0,0,0,0,0,0,0,0,0,0
"Germany","Wilhelm Hahnemann",1,0,0,0,0,0,0,0,0,0,0,0,0,0,0,0,1,0,0,0,0
"Germany","Sigfried Held",1,0,0,0,0,0,1,0,0,0,0,0,0,0,0,0,0,0,0,0,0
"Germany","Richard Herrmann",1,0,0,0,0,0,0,0,0,0,0,0,0,0,0,0,0,0,1,0,0
"Germany","Uli Hoeneß",1,0,0,0,0,0,0,0,1,0,0,0,0,0,0,0,0,0,0,0,0
"Germany","Bernd Hölzenbein",1,0,0,0,0,0,0,0,0,0,0,0,0,0,0,0,0,0,0,0,1
"Germany","Horst Hrubesch",1,1,0,0,0,0,0,0,0,0,0,0,0,0,0,0,0,0,0,0,0
"Germany","Carsten Jancker",1,0,0,0,0,0,0,0,0,0,0,0,1,0,0,0,0,0,0,0,0
"Germany","Marcell Jansen",1,0,0,1,0,0,0,0,0,0,0,0,0,0,0,0,0,0,0,0,0
"Germany","Bernhard Klodt",1,0,0,0,0,0,0,0,0,0,0,0,0,0,0,0,0,0,1,0,0
"Germany","Stanislaus Kobierski",1,0,0,0,0,0,0,0,0,0,0,0,0,0,0,0,0,1,0,0,0
"Germany","Philipp Lahm",1,0,0,0,0,0,0,0,0,0,0,0,0,0,0,1,0,0,0,0,0
"Germany","Reinhard Libuda",1,0,0,0,0,0,0,1,0,0,0,0,0,0,0,0,0,0,0,0,0
"Germany","Thomas Linke",1,0,0,0,0,0,0,0,0,0,0,0,1,0,0,0,0,0,0,0,0
"Germany","Andreas Möller",1,0,0,0,0,0,0,0,0,0,1,0,0,0,0,0,0,0,0,0,0
"Germany","Hansi Müller",1,0,0,0,0,0,0,0,0,0,0,0,0,0,0,0,0,0,0,0,1
"Germany","Rudolf Noack",1,0,0,0,0,0,0,0,0,0,0,0,0,0,0,0,0,1,0,0,0
"Germany","Alfred Pfaff",1,0,0,0,0,0,0,0,0,0,0,0,0,0,0,0,0,0,1,0,0
"Germany","Uwe Reinders",1,1,0,0,0,0,0,0,0,0,0,0,0,0,0,0,0,0,0,0,0
"Germany","Karl-Heinz Riedle",1,0,0,0,0,0,0,0,0,1,0,0,0,0,0,0,0,0,0,0,0
"Germany","Bernd Schneider",1,0,0,0,0,0,0,0,0,0,0,0,1,0,0,0,0,0,0,0,0
"Germany","Karl-Heinz Schnellinger",1,0,0,0,0,0,0,1,0,0,0,0,0,0,0,0,0,0,0,0,0
"Germany","Otto Siffling",1,0,0,0,0,0,0,0,0,0,0,0,0,0,0,0,0,1,0,0,0
"Germany","Horst Szymaniak",1,0,0,0,0,1,0,0,0,0,0,0,0,0,0,0,0,0,0,0,0
"Germany","Wolfgang Weber",1,0,0,0,0,0,1,0,0,0,0,0,0,0,0,0,0,0,0,0,0
"Germany","Own goals",4,0,0,0,0,0,0,0,0,0,1,0,0,0,0,1,1,0,1,0,0
"Argentina","Gabriel Batistuta",10,0,0,0,0,0,0,0,0,4,5,0,1,0,0,0,0,0,0,0,0
"Argentina","Diego Maradona",8,2,5,0,0,0,0,0,0,1,0,0,0,0,0,0,0,0,0,0,0
"Argentina","Guillermo Stábile",8,0,0,0,0,0,0,0,0,0,0,0,0,8,0,0,0,0,0,0,0
"Argentina","Mario Kempes",6,0,0,0,0,0,0,0,0,0,0,0,0,0,0,0,0,0,0,0,6
"Argentina","Gonzalo Higuaín",5,0,0,4,1,0,0,0,0,0,0,0,0,0,0,0,0,0,0,0,0
"Argentina","Lionel Messi",5,0,0,0,4,0,0,0,0,0,0,0,0,0,0,1,0,0,0,0,0
"Argentina","Daniel Bertoni",4,2,0,0,0,0,0,0,0,0,0,0,0,0,0,0,0,0,0,0,2
"Argentina","Claudio Caniggia",4,0,0,0,0,0,0,0,0,2,0,2,0,0,0,0,0,0,0,0,0
"Argentina","Hernán Crespo",4,0,0,0,0,0,0,0,0,0,0,0,1,0,0,3,0,0,0,0,0
"Argentina","René Houseman",4,0,0,0,0,0,0,0,3,0,0,0,0,0,0,0,0,0,0,0,1
"Argentina","Leopoldo Luque",4,0,0,0,0,0,0,0,0,0,0,0,0,0,0,0,0,0,0,0,4
"Argentina","Jorge Valdano",4,0,4,0,0,0,0,0,0,0,0,0,0,0,0,0,0,0,0,0,0
"Argentina","Luis Artime",3,0,0,0,0,0,3,0,0,0,0,0,0,0,0,0,0,0,0,0,0
"Argentina","Jorge Burruchaga",3,0,2,0,0,0,0,0,0,0,0,1,0,0,0,0,0,0,0,0,0
"Argentina","Omar Oreste Corbatta",3,0,0,0,0,0,0,0,0,0,0,0,0,0,0,0,0,0,0,3,0
"Argentina","Daniel Passarella",3,2,0,0,0,0,0,0,0,0,0,0,0,0,0,0,0,0,0,0,1
"Argentina","Carlos Peucelle",3,0,0,0,0,0,0,0,0,0,0,0,0,3,0,0,0,0,0,0,0
"Argentina","Maxi Rodríguez",3,0,0,0,0,0,0,0,0,0,0,0,0,0,0,3,0,0,0,0,0
"Argentina","Carlos Tevez",3,0,0,2,0,0,0,0,0,0,0,0,0,0,0,1,0,0,0,0,0
"Argentina","Luis Monti",2,0,0,0,0,0,0,0,0,0,0,0,0,2,0,0,0,0,0,0,0
"Argentina","Ariel Ortega",2,0,0,0,0,0,0,0,0,0,2,0,0,0,0,0,0,0,0,0,0
"Argentina","Héctor Yazalde",2,0,0,0,0,0,0,0,2,0,0,0,0,0,0,0,0,0,0,0,0
"Argentina","Adolfo Zumelzú",2,0,0,0,0,0,0,0,0,0,0,0,0,2,0,0,0,0,0,0,0
"Argentina","Osvaldo Ardiles",1,1,0,0,0,0,0,0,0,0,0,0,0,0,0,0,0,0,0,0,0
"Argentina","Ludovico Avio",1,0,0,0,0,0,0,0,0,0,0,0,0,0,0,0,0,0,0,1,0
"Argentina","Roberto Ayala",1,0,0,0,0,0,0,0,0,0,0,0,0,0,0,1,0,0,0,0,0
"Argentina","Rubén Ayala",1,0,0,0,0,0,0,0,1,0,0,0,0,0,0,0,0,0,0,0,0
"Argentina","Carlos Babington",1,0,0,0,0,0,0,0,1,0,0,0,0,0,0,0,0,0,0,0,0
"Argentina","Abel Balbo",1,0,0,0,0,0,0,0,0,1,0,0,0,0,0,0,0,0,0,0,0
"Argentina","Ernesto Belis",1,0,0,0,0,0,0,0,0,0,0,0,0,0,0,0,0,1,0,0,0
"Argentina","Miguel Ángel Brindisi",1,0,0,0,0,0,0,0,1,0,0,0,0,0,0,0,0,0,0,0,0
"Argentina","José Luis Brown",1,0,1,0,0,0,0,0,0,0,0,0,0,0,0,0,0,0,0,0,0
"Argentina","Esteban Cambiasso",1,0,0,0,0,0,0,0,0,0,0,0,0,0,0,1,0,0,0,0,0
"Argentina","Martín Demichelis",1,0,0,1,0,0,0,0,0,0,0,0,0,0,0,0,0,0,0,0,0
"Argentina","Ramón Díaz",1,1,0,0,0,0,0,0,0,0,0,0,0,0,0,0,0,0,0,0,0
"Argentina","Ángel di María",1,0,0,0,1,0,0,0,0,0,0,0,0,0,0,0,0,0,0,0,0
"Argentina","Mario Evaristo",1,0,0,0,0,0,0,0,0,0,0,0,0,1,0,0,0,0,0,0,0
"Argentina","Héctor Facundo",1,0,0,0,0,1,0,0,0,0,0,0,0,0,0,0,0,0,0,0,0
"Argentina","Alberto Galateo",1,0,0,0,0,0,0,0,0,0,0,0,0,0,0,0,0,1,0,0,0
"Argentina","Gabriel Heinze",1,0,0,1,0,0,0,0,0,0,0,0,0,0,0,0,0,0,0,0,0
"Argentina","Ramón Heredia",1,0,0,0,0,0,0,0,1,0,0,0,0,0,0,0,0,0,0,0,0
"Argentina","Claudio López",1,0,0,0,0,0,0,0,0,0,1,0,0,0,0,0,0,0,0,0,0
"Argentina","Norberto Menéndez",1,0,0,0,0,0,0,0,0,0,0,0,0,0,0,0,0,0,0,1,0
"Argentina","Pedro Monzón",1,0,0,0,0,0,0,0,0,0,0,1,0,0,0,0,0,0,0,0,0
"Argentina","Ermindo Onega",1,0,0,0,0,0,1,0,0,0,0,0,0,0,0,0,0,0,0,0,0
"Argentina","Martín Palermo",1,0,0,1,0,0,0,0,0,0,0,0,0,0,0,0,0,0,0,0,0
"Argentina","Pedro Pasculli",1,0,1,0,0,0,0,0,0,0,0,0,0,0,0,0,0,0,0,0,0
"Argentina","Mauricio Pineda",1,0,0,0,0,0,0,0,0,0,1,0,0,0,0,0,0,0,0,0,0
"Argentina","Marcos Rojo",1,0,0,0,1,0,0,0,0,0,0,0,0,0,0,0,0,0,0,0,0
"Argentina","Oscar Ruggeri",1,0,1,0,0,0,0,0,0,0,0,0,0,0,0,0,0,0,0,0,0
"Argentina","José Sanfilippo",1,0,0,0,0,1,0,0,0,0,0,0,0,0,0,0,0,0,0,0,0
"Argentina","Javier Saviola",1,0,0,0,0,0,0,0,0,0,0,0,0,0,0,1,0,0,0,0,0
"Argentina","Alejandro Scopelli",1,0,0,0,0,0,0,0,0,0,0,0,0,1,0,0,0,0,0,0,0
"Argentina","Alberto Tarantini",1,0,0,0,0,0,0,0,0,0,0,0,0,0,0,0,0,0,0,0,1
"Argentina","Pedro Troglio",1,0,0,0,0,0,0,0,0,0,0,1,0,0,0,0,0,0,0,0,0
"Argentina","Francisco Varallo",1,0,0,0,0,0,0,0,0,0,0,0,0,1,0,0,0,0,0,0,0
"Argentina","Javier Zanetti",1,0,0,0,0,0,0,0,0,0,1,0,0,0,0,0,0,0,0,0,0
"Argentina","Own goals",2,0,0,1,1,0,0,0,0,0,0,0,0,0,0,0,0,0,0,0,0
"Ghana","Asamoah Gyan",6,0,0,3,2,0,0,0,0,0,0,0,0,0,0,1,0,0,0,0,0
"Ghana","André Ayew",2,0,0,0,2,0,0,0,0,0,0,0,0,0,0,0,0,0,0,0,0
"Ghana","Sulley Muntari",2,0,0,1,0,0,0,0,0,0,0,0,0,0,0,1,0,0,0,0,0
"Ghana","Stephen Appiah",1,0,0,0,0,0,0,0,0,0,0,0,0,0,0,1,0,0,0,0,0
"Ghana","Kevin-Prince Boateng",1,0,0,1,0,0,0,0,0,0,0,0,0,0,0,0,0,0,0,0,0
"Ghana","Haminu Dramani",1,0,0,0,0,0,0,0,0,0,0,0,0,0,0,1,0,0,0,0,0
"Greece","Sokratis Papastathopoulos",1,0,0,0,1,0,0,0,0,0,0,0,0,0,0,0,0,0,0,0,0
"Greece","Dimitris Salpingidis",1,0,0,1,0,0,0,0,0,0,0,0,0,0,0,0,0,0,0,0,0
"Greece","Georgios Samaras",1,0,0,0,1,0,0,0,0,0,0,0,0,0,0,0,0,0,0,0,0
"Greece","Andreas Samaris",1,0,0,0,1,0,0,0,0,0,0,0,0,0,0,0,0,0,0,0,0
"Greece","Vasilis Torosidis",1,0,0,1,0,0,0,0,0,0,0,0,0,0,0,0,0,0,0,0,0
"Haiti","Emmanuel Sanon",2,0,0,0,0,0,0,0,2,0,0,0,0,0,0,0,0,0,0,0,0
"Honduras","Carlo Costly",1,0,0,0,1,0,0,0,0,0,0,0,0,0,0,0,0,0,0,0,0
"Honduras","Antonio Laing",1,1,0,0,0,0,0,0,0,0,0,0,0,0,0,0,0,0,0,0,0
"Honduras","Héctor Zelaya",1,1,0,0,0,0,0,0,0,0,0,0,0,0,0,0,0,0,0,0,0
"Hungary","Sándor Kocsis",11,0,0,0,0,0,0,0,0,0,0,0,0,0,0,0,0,0,11,0,0
"Hungary","Lajos Tichy",7,0,0,0,0,3,0,0,0,0,0,0,0,0,0,0,0,0,0,4,0
"Hungary","György Sárosi",6,0,0,0,0,0,0,0,0,0,0,0,0,0,0,0,5,1,0,0,0
"Hungary","Gyula Zsengellér",5,0,0,0,0,0,0,0,0,0,0,0,0,0,0,0,5,0,0,0,0
"Hungary","Flórián Albert",4,0,0,0,0,4,0,0,0,0,0,0,0,0,0,0,0,0,0,0,0
"Hungary","Ferenc Bene",4,0,0,0,0,0,4,0,0,0,0,0,0,0,0,0,0,0,0,0,0
"Hungary","Nándor Hidegkuti",4,0,0,0,0,0,0,0,0,0,0,0,0,0,0,0,0,0,4,0,0
"Hungary","Ferenc Puskás",4,0,0,0,0,0,0,0,0,0,0,0,0,0,0,0,0,0,4,0,0
"Hungary","Zoltán Czibor",3,0,0,0,0,0,0,0,0,0,0,0,0,0,0,0,0,0,3,0,0
"Hungary","László Kiss",3,3,0,0,0,0,0,0,0,0,0,0,0,0,0,0,0,0,0,0,0
"Hungary","Géza Toldi",3,0,0,0,0,0,0,0,0,0,0,0,0,0,0,0,1,2,0,0,0
"Hungary","László Fazekas",2,2,0,0,0,0,0,0,0,0,0,0,0,0,0,0,0,0,0,0,0
"Hungary","Mihály Lantos",2,0,0,0,0,0,0,0,0,0,0,0,0,0,0,0,0,0,2,0,0
"Hungary","Kálmán Mészöly",2,0,0,0,0,0,2,0,0,0,0,0,0,0,0,0,0,0,0,0,0
"Hungary","Tibor Nyilasi",2,2,0,0,0,0,0,0,0,0,0,0,0,0,0,0,0,0,0,0,0
"Hungary","Péter Palotás",2,0,0,0,0,0,0,0,0,0,0,0,0,0,0,0,0,0,2,0,0
"Hungary","Gábor Pölöskei",2,2,0,0,0,0,0,0,0,0,0,0,0,0,0,0,0,0,0,0,0
"Hungary","Pál Titkos",2,0,0,0,0,0,0,0,0,0,0,0,0,0,0,0,2,0,0,0,0
"Hungary","József Bencsics",1,0,0,0,0,0,0,0,0,0,0,0,0,0,0,0,0,0,0,1,0
"Hungary","József Bozsik",1,0,0,0,0,0,0,0,0,0,0,0,0,0,0,0,0,0,0,1,0
"Hungary","Károly Csapó",1,0,0,0,0,0,0,0,0,0,0,0,0,0,0,0,0,0,0,0,1
"Hungary","Lajos Détári",1,0,1,0,0,0,0,0,0,0,0,0,0,0,0,0,0,0,0,0,0
"Hungary","Márton Esterházy",1,0,1,0,0,0,0,0,0,0,0,0,0,0,0,0,0,0,0,0,0
"Hungary","János Farkas",1,0,0,0,0,0,1,0,0,0,0,0,0,0,0,0,0,0,0,0,0
"Hungary","Vilmos Kohut",1,0,0,0,0,0,0,0,0,0,0,0,0,0,0,0,1,0,0,0,0
"Hungary","Károly Sándor",1,0,0,0,0,0,0,0,0,0,0,0,0,0,0,0,0,0,0,1,0
"Hungary","Ern? Solymosi",1,0,0,0,0,1,0,0,0,0,0,0,0,0,0,0,0,0,0,0,0
"Hungary","Lázár Szentes",1,1,0,0,0,0,0,0,0,0,0,0,0,0,0,0,0,0,0,0,0
"Hungary","Pál Teleki",1,0,0,0,0,0,0,0,0,0,0,0,0,0,0,0,0,1,0,0,0
"Hungary","András Tóth",1,0,0,0,0,0,0,0,0,0,0,0,0,0,0,0,0,0,0,0,1
"Hungary","József Tóth",1,0,0,0,0,0,0,0,0,0,0,0,0,0,0,0,0,0,1,0,0
"Hungary","József Tóth",1,1,0,0,0,0,0,0,0,0,0,0,0,0,0,0,0,0,0,0,0
"Hungary","József Varga",1,1,0,0,0,0,0,0,0,0,0,0,0,0,0,0,0,0,0,0,0
"Hungary","Jen? Vincze",1,0,0,0,0,0,0,0,0,0,0,0,0,0,0,0,0,1,0,0,0
"Hungary","Sándor Zombori",1,0,0,0,0,0,0,0,0,0,0,0,0,0,0,0,0,0,0,0,1
"Hungary","Own goals",2,0,0,0,0,0,1,0,0,0,0,0,0,0,0,0,1,0,0,0,0
"Indonesia","Total",0,0,0,0,0,0,0,0,0,0,0,0,0,0,0,0,0,0,0,0,0
"Iran","Sohrab Bakhtiarizadeh",1,0,0,0,0,0,0,0,0,0,0,0,0,0,0,1,0,0,0,0,0
"Iran","Iraj Danaeifard",1,0,0,0,0,0,0,0,0,0,0,0,0,0,0,0,0,0,0,0,1
"Iran","Hamid Estili",1,0,0,0,0,0,0,0,0,0,1,0,0,0,0,0,0,0,0,0,0
"Iran","Reza Ghoochannejhad",1,0,0,0,1,0,0,0,0,0,0,0,0,0,0,0,0,0,0,0,0
"Iran","Yahya Golmohammadi",1,0,0,0,0,0,0,0,0,0,0,0,0,0,0,1,0,0,0,0,0
"Iran","Mehdi Mahdavikia",1,0,0,0,0,0,0,0,0,0,1,0,0,0,0,0,0,0,0,0,0
"Iran","Hassan Rowshan",1,0,0,0,0,0,0,0,0,0,0,0,0,0,0,0,0,0,0,0,1
"Iraq","Ahmed Radhi",1,0,1,0,0,0,0,0,0,0,0,0,0,0,0,0,0,0,0,0,0
"Israel","Mordechai Spiegler",1,0,0,0,0,0,0,1,0,0,0,0,0,0,0,0,0,0,0,0,0
"Italy","Roberto Baggio",9,0,0,0,0,0,0,0,0,5,2,2,0,0,0,0,0,0,0,0,0
"Italy","Paolo Rossi",9,6,0,0,0,0,0,0,0,0,0,0,0,0,0,0,0,0,0,0,3
"Italy","Christian Vieri",9,0,0,0,0,0,0,0,0,0,5,0,4,0,0,0,0,0,0,0,0
"Italy","Salvatore Schillaci",6,0,0,0,0,0,0,0,0,0,0,6,0,0,0,0,0,0,0,0,0
"Italy","Alessandro Altobelli",5,1,4,0,0,0,0,0,0,0,0,0,0,0,0,0,0,0,0,0,0
"Italy","Silvio Piola",5,0,0,0,0,0,0,0,0,0,0,0,0,0,0,0,5,0,0,0,0
"Italy","Gino Colaussi",4,0,0,0,0,0,0,0,0,0,0,0,0,0,0,0,4,0,0,0,0
"Italy","Angelo Schiavio",4,0,0,0,0,0,0,0,0,0,0,0,0,0,0,0,0,4,0,0,0
"Italy","Giuseppe Meazza",3,0,0,0,0,0,0,0,0,0,0,0,0,0,0,0,1,2,0,0,0
"Italy","Raimundo Orsi",3,0,0,0,0,0,0,0,0,0,0,0,0,0,0,0,0,3,0,0,0
"Italy","Luigi Riva",3,0,0,0,0,0,0,3,0,0,0,0,0,0,0,0,0,0,0,0,0
"Italy","Gianni Rivera",3,0,0,0,0,0,0,2,1,0,0,0,0,0,0,0,0,0,0,0,0
"Italy","Dino Baggio",2,0,0,0,0,0,0,0,0,2,0,0,0,0,0,0,0,0,0,0,0
"Italy","Romeo Benetti",2,0,0,0,0,0,0,0,1,0,0,0,0,0,0,0,0,0,0,0,1
"Italy","Roberto Bettega",2,0,0,0,0,0,0,0,0,0,0,0,0,0,0,0,0,0,0,0,2
"Italy","Roberto Boninsegna",2,0,0,0,0,0,0,2,0,0,0,0,0,0,0,0,0,0,0,0,0
"Italy","Giacomo Bulgarelli",2,0,0,0,0,2,0,0,0,0,0,0,0,0,0,0,0,0,0,0,0
"Italy","Riccardo Carapellese",2,0,0,0,0,0,0,0,0,0,0,0,0,0,2,0,0,0,0,0,0
"Italy","Alessandro Del Piero",2,0,0,0,0,0,0,0,0,0,0,0,1,0,0,1,0,0,0,0,0
"Italy","Giovanni Ferrari",2,0,0,0,0,0,0,0,0,0,0,0,0,0,0,0,0,2,0,0,0
"Italy","Vincenzo Iaquinta",2,0,0,1,0,0,0,0,0,0,0,0,0,0,0,1,0,0,0,0,0
"Italy","Marco Materazzi",2,0,0,0,0,0,0,0,0,0,0,0,0,0,0,2,0,0,0,0,0
"Italy","Egisto Pandolfini",2,0,0,0,0,0,0,0,0,0,0,0,0,0,1,0,0,0,1,0,0
"Italy","Marco Tardelli",2,2,0,0,0,0,0,0,0,0,0,0,0,0,0,0,0,0,0,0,0
"Italy","Luca Toni",2,0,0,0,0,0,0,0,0,0,0,0,0,0,0,2,0,0,0,0,0
"Italy","Pietro Anastasi",1,0,0,0,0,0,0,0,1,0,0,0,0,0,0,0,0,0,0,0,0
"Italy","Mario Balotelli",1,0,0,0,1,0,0,0,0,0,0,0,0,0,0,0,0,0,0,0,0
"Italy","Paolo Barison",1,0,0,0,0,0,1,0,0,0,0,0,0,0,0,0,0,0,0,0,0
"Italy","Giampiero Boniperti",1,0,0,0,0,0,0,0,0,0,0,0,0,0,0,0,0,0,1,0,0
"Italy","Tarcisio Burgnich",1,0,0,0,0,0,0,1,0,0,0,0,0,0,0,0,0,0,0,0,0
"Italy","Antonio Cabrini",1,1,0,0,0,0,0,0,0,0,0,0,0,0,0,0,0,0,0,0,0
"Italy","Fabio Capello",1,0,0,0,0,0,0,0,1,0,0,0,0,0,0,0,0,0,0,0,0
"Italy","Franco Causio",1,0,0,0,0,0,0,0,0,0,0,0,0,0,0,0,0,0,0,0,1
"Italy","Bruno Conti",1,1,0,0,0,0,0,0,0,0,0,0,0,0,0,0,0,0,0,0,0
"Italy","Daniele De Rossi",1,0,0,1,0,0,0,0,0,0,0,0,0,0,0,0,0,0,0,0,0
"Italy","Luigi Di Biagio",1,0,0,0,0,0,0,0,0,0,1,0,0,0,0,0,0,0,0,0,0
"Italy","Antonio Di Natale",1,0,0,1,0,0,0,0,0,0,0,0,0,0,0,0,0,0,0,0,0
"Italy","Angelo Domenghini",1,0,0,0,0,0,0,1,0,0,0,0,0,0,0,0,0,0,0,0,0
"Italy","Pietro Ferraris",1,0,0,0,0,0,0,0,0,0,0,0,0,0,0,0,1,0,0,0,0
"Italy","Amleto Frignani",1,0,0,0,0,0,0,0,0,0,0,0,0,0,0,0,0,0,1,0,0
"Italy","Carlo Galli",1,0,0,0,0,0,0,0,0,0,0,0,0,0,0,0,0,0,1,0,0
"Italy","Giuseppe Giannini",1,0,0,0,0,0,0,0,0,0,0,1,0,0,0,0,0,0,0,0,0
"Italy","Alberto Gilardino",1,0,0,0,0,0,0,0,0,0,0,0,0,0,0,1,0,0,0,0,0
"Italy","Francesco Graziani",1,1,0,0,0,0,0,0,0,0,0,0,0,0,0,0,0,0,0,0,0
"Italy","Fabio Grosso",1,0,0,0,0,0,0,0,0,0,0,0,0,0,0,1,0,0,0,0,0
"Italy","Enrique Guaita",1,0,0,0,0,0,0,0,0,0,0,0,0,0,0,0,0,1,0,0,0
"Italy","Filippo Inzaghi",1,0,0,0,0,0,0,0,0,0,0,0,0,0,0,1,0,0,0,0,0
"Italy","Benito Lorenzi",1,0,0,0,0,0,0,0,0,0,0,0,0,0,0,0,0,0,1,0,0
"Italy","Claudio Marchisio",1,0,0,0,1,0,0,0,0,0,0,0,0,0,0,0,0,0,0,0,0
"Italy","Daniele Massaro",1,0,0,0,0,0,0,0,0,1,0,0,0,0,0,0,0,0,0,0,0
"Italy","Sandro Mazzola",1,0,0,0,0,0,1,0,0,0,0,0,0,0,0,0,0,0,0,0,0
"Italy","Bruno Mora",1,0,0,0,0,1,0,0,0,0,0,0,0,0,0,0,0,0,0,0,0
"Italy","Ermes Muccinelli",1,0,0,0,0,0,0,0,0,0,0,0,0,0,1,0,0,0,0,0,0
"Italy","Fulvio Nesti",1,0,0,0,0,0,0,0,0,0,0,0,0,0,0,0,0,0,1,0,0
"Italy","Andrea Pirlo",1,0,0,0,0,0,0,0,0,0,0,0,0,0,0,1,0,0,0,0,0
"Italy","Fabio Quagliarella",1,0,0,1,0,0,0,0,0,0,0,0,0,0,0,0,0,0,0,0,0
"Italy","Aldo Serena",1,0,0,0,0,0,0,0,0,0,0,1,0,0,0,0,0,0,0,0,0
"Italy","Francesco Totti",1,0,0,0,0,0,0,0,0,0,0,0,0,0,0,1,0,0,0,0,0
"Italy","Renato Zaccarelli",1,0,0,0,0,0,0,0,0,0,0,0,0,0,0,0,0,0,0,0,1
"Italy","Gianluca Zambrotta",1,0,0,0,0,0,0,0,0,0,0,0,0,0,0,1,0,0,0,0,0
"Italy","Own goals",4,0,1,0,0,0,0,1,1,0,0,0,0,0,0,0,0,0,0,0,1
"Australia","Tim Cahill",5,0,0,1,2,0,0,0,0,0,0,0,0,0,0,2,0,0,0,0,0
"Australia","Brett Holman",2,0,0,2,0,0,0,0,0,0,0,0,0,0,0,0,0,0,0,0,0
"Australia","John Aloisi",1,0,0,0,0,0,0,0,0,0,0,0,0,0,0,1,0,0,0,0,0
"Australia","Mile Jedinak",1,0,0,0,1,0,0,0,0,0,0,0,0,0,0,0,0,0,0,0,0
"Australia","Harry Kewell",1,0,0,0,0,0,0,0,0,0,0,0,0,0,0,1,0,0,0,0,0
"Australia","Craig Moore",1,0,0,0,0,0,0,0,0,0,0,0,0,0,0,1,0,0,0,0,0
"Ivory Coast","Wilfried Bony",2,0,0,0,2,0,0,0,0,0,0,0,0,0,0,0,0,0,0,0,0
"Ivory Coast","Aruna Dindane",2,0,0,0,0,0,0,0,0,0,0,0,0,0,0,2,0,0,0,0,0
"Ivory Coast","Didier Drogba",2,0,0,1,0,0,0,0,0,0,0,0,0,0,0,1,0,0,0,0,0
"Ivory Coast","Gervinho",2,0,0,0,2,0,0,0,0,0,0,0,0,0,0,0,0,0,0,0,0
"Ivory Coast","Bonaventure Kalou",1,0,0,0,0,0,0,0,0,0,0,0,0,0,0,1,0,0,0,0,0
"Ivory Coast","Salomon Kalou",1,0,0,1,0,0,0,0,0,0,0,0,0,0,0,0,0,0,0,0,0
"Ivory Coast","Bakari Koné",1,0,0,0,0,0,0,0,0,0,0,0,0,0,0,1,0,0,0,0,0
"Ivory Coast","Romaric",1,0,0,1,0,0,0,0,0,0,0,0,0,0,0,0,0,0,0,0,0
"Ivory Coast","Yaya Touré",1,0,0,1,0,0,0,0,0,0,0,0,0,0,0,0,0,0,0,0,0
"Jamaica","Theodore Whitmore",2,0,0,0,0,0,0,0,0,0,2,0,0,0,0,0,0,0,0,0,0
"Jamaica","Robbie Earle",1,0,0,0,0,0,0,0,0,0,1,0,0,0,0,0,0,0,0,0,0
"Japan","Keisuke Honda",3,0,0,2,1,0,0,0,0,0,0,0,0,0,0,0,0,0,0,0,0
"Japan","Junichi Inamoto",2,0,0,0,0,0,0,0,0,0,0,0,2,0,0,0,0,0,0,0,0
"Japan","Shinji Okazaki",2,0,0,1,1,0,0,0,0,0,0,0,0,0,0,0,0,0,0,0,0
"Japan","Yasuhito End?",1,0,0,1,0,0,0,0,0,0,0,0,0,0,0,0,0,0,0,0,0
"Japan","Hiroaki Morishima",1,0,0,0,0,0,0,0,0,0,0,0,1,0,0,0,0,0,0,0,0
"Japan","Shunsuke Nakamura",1,0,0,0,0,0,0,0,0,0,0,0,0,0,0,1,0,0,0,0,0
"Japan","Hidetoshi Nakata",1,0,0,0,0,0,0,0,0,0,0,0,1,0,0,0,0,0,0,0,0
"Japan","Masashi Nakayama",1,0,0,0,0,0,0,0,0,0,1,0,0,0,0,0,0,0,0,0,0
"Japan","Takayuki Suzuki",1,0,0,0,0,0,0,0,0,0,0,0,1,0,0,0,0,0,0,0,0
"Japan","Keiji Tamada",1,0,0,0,0,0,0,0,0,0,0,0,0,0,0,1,0,0,0,0,0
"Kuwait","Abdullah Al-Buloushi",1,1,0,0,0,0,0,0,0,0,0,0,0,0,0,0,0,0,0,0,0
"Kuwait","Faisal Al-Dakhil",1,1,0,0,0,0,0,0,0,0,0,0,0,0,0,0,0,0,0,0,0
"Mexico","Luis Hernández",4,0,0,0,0,0,0,0,0,0,4,0,0,0,0,0,0,0,0,0,0
"Mexico","Cuauhtémoc Blanco",3,0,0,1,0,0,0,0,0,0,1,0,1,0,0,0,0,0,0,0,0
"Mexico","Javier Hernández",3,0,0,2,1,0,0,0,0,0,0,0,0,0,0,0,0,0,0,0,0
"Mexico","Rafael Márquez",3,0,0,1,1,0,0,0,0,0,0,0,0,0,0,1,0,0,0,0,0
"Mexico","Jared Borgetti",2,0,0,0,0,0,0,0,0,0,0,0,2,0,0,0,0,0,0,0,0
"Mexico","Omar Bravo",2,0,0,0,0,0,0,0,0,0,0,0,0,0,0,2,0,0,0,0,0
"Mexico","Luis García",2,0,0,0,0,0,0,0,0,2,0,0,0,0,0,0,0,0,0,0,0
"Mexico","Alberto García Aspe",2,0,0,0,0,0,0,0,0,1,1,0,0,0,0,0,0,0,0,0,0
"Mexico","Ricardo Peláez",2,0,0,0,0,0,0,0,0,0,2,0,0,0,0,0,0,0,0,0,0
"Mexico","Fernando Quirarte",2,0,2,0,0,0,0,0,0,0,0,0,0,0,0,0,0,0,0,0,0
"Mexico","Manuel Rosas",2,0,0,0,0,0,0,0,0,0,0,0,0,2,0,0,0,0,0,0,0
"Mexico","Javier Valdivia",2,0,0,0,0,0,0,2,0,0,0,0,0,0,0,0,0,0,0,0,0
"Mexico","Tomás Balcázar",1,0,0,0,0,0,0,0,0,0,0,0,0,0,0,0,0,0,1,0,0
"Mexico","Juan Ignacio Basaguren",1,0,0,0,0,0,0,1,0,0,0,0,0,0,0,0,0,0,0,0,0
"Mexico","Jaime Belmonte",1,0,0,0,0,0,0,0,0,0,0,0,0,0,0,0,0,0,0,1,0
"Mexico","Marcelino Bernal",1,0,0,0,0,0,0,0,0,1,0,0,0,0,0,0,0,0,0,0,0
"Mexico","Enrique Borja",1,0,0,0,0,0,1,0,0,0,0,0,0,0,0,0,0,0,0,0,0
"Mexico","Juan Carreño",1,0,0,0,0,0,0,0,0,0,0,0,0,1,0,0,0,0,0,0,0
"Mexico","Horacio Casarín",1,0,0,0,0,0,0,0,0,0,0,0,0,0,1,0,0,0,0,0,0
"Mexico","Alfredo del Águila",1,0,0,0,0,1,0,0,0,0,0,0,0,0,0,0,0,0,0,0,0
"Mexico","Isidoro Díaz",1,0,0,0,0,1,0,0,0,0,0,0,0,0,0,0,0,0,0,0,0
"Mexico","Giovani dos Santos",1,0,0,0,1,0,0,0,0,0,0,0,0,0,0,0,0,0,0,0,0
"Mexico","Luis Flores",1,0,1,0,0,0,0,0,0,0,0,0,0,0,0,0,0,0,0,0,0
"Mexico","Francisco Fonseca",1,0,0,0,0,0,0,0,0,0,0,0,0,0,0,1,0,0,0,0,0
"Mexico","Javier Fragoso",1,0,0,0,0,0,0,1,0,0,0,0,0,0,0,0,0,0,0,0,0
"Mexico","Roberto Gayón",1,0,0,0,0,0,0,0,0,0,0,0,0,1,0,0,0,0,0,0,0
"Mexico","José Luis González",1,0,0,0,0,0,0,1,0,0,0,0,0,0,0,0,0,0,0,0,0
"Mexico","Andrés Guardado",1,0,0,0,1,0,0,0,0,0,0,0,0,0,0,0,0,0,0,0,0
"Mexico","Héctor Hernández",1,0,0,0,0,1,0,0,0,0,0,0,0,0,0,0,0,0,0,0,0
"Mexico","José Luis Lamadrid",1,0,0,0,0,0,0,0,0,0,0,0,0,0,0,0,0,0,1,0,0
"Mexico","Manuel Negrete",1,0,1,0,0,0,0,0,0,0,0,0,0,0,0,0,0,0,0,0,0
"Mexico","Héctor Ortiz",1,0,0,0,0,0,0,0,0,0,0,0,0,0,1,0,0,0,0,0,0
"Mexico","Gustavo Peña",1,0,0,0,0,0,0,1,0,0,0,0,0,0,0,0,0,0,0,0,0
"Mexico","Oribe Peralta",1,0,0,0,1,0,0,0,0,0,0,0,0,0,0,0,0,0,0,0,0
"Mexico","Víctor Rangel",1,0,0,0,0,0,0,0,0,0,0,0,0,0,0,0,0,0,0,0,1
"Mexico","Hugo Sánchez",1,0,1,0,0,0,0,0,0,0,0,0,0,0,0,0,0,0,0,0,0
"Mexico","Raúl Servín",1,0,1,0,0,0,0,0,0,0,0,0,0,0,0,0,0,0,0,0,0
"Mexico","Sinha",1,0,0,0,0,0,0,0,0,0,0,0,0,0,0,1,0,0,0,0,0
"Mexico","Gerardo Torrado",1,0,0,0,0,0,0,0,0,0,0,0,1,0,0,0,0,0,0,0,0
"Mexico","Arturo Vázquez Ayala",1,0,0,0,0,0,0,0,0,0,0,0,0,0,0,0,0,0,0,0,1
"Morocco","Salaheddine Bassir",2,0,0,0,0,0,0,0,0,0,2,0,0,0,0,0,0,0,0,0,0
"Morocco","Abdeljalil Hadda",2,0,0,0,0,0,0,0,0,0,2,0,0,0,0,0,0,0,0,0,0
"Morocco","Abderrazak Khairi",2,0,2,0,0,0,0,0,0,0,0,0,0,0,0,0,0,0,0,0,0
"Morocco","Mohammed Chaouch",1,0,0,0,0,0,0,0,0,1,0,0,0,0,0,0,0,0,0,0,0
"Morocco","Mouhoub Ghazouani",1,0,0,0,0,0,0,1,0,0,0,0,0,0,0,0,0,0,0,0,0
"Morocco","Mustapha Hadji",1,0,0,0,0,0,0,0,0,0,1,0,0,0,0,0,0,0,0,0,0
"Morocco","Abdelkrim Merry Krimau",1,0,1,0,0,0,0,0,0,0,0,0,0,0,0,0,0,0,0,0,0
"Morocco","Houmane Jarir",1,0,0,0,0,0,0,1,0,0,0,0,0,0,0,0,0,0,0,0,0
"Morocco","Hassan Nader",1,0,0,0,0,0,0,0,0,1,0,0,0,0,0,0,0,0,0,0,0
"Netherlands","Johnny Rep",7,0,0,0,0,0,0,0,4,0,0,0,0,0,0,0,0,0,0,0,3
"Netherlands","Dennis Bergkamp",6,0,0,0,0,0,0,0,0,3,3,0,0,0,0,0,0,0,0,0,0
"Netherlands","Rob Rensenbrink",6,0,0,0,0,0,0,0,1,0,0,0,0,0,0,0,0,0,0,0,5
"Netherlands","Arjen Robben",6,0,0,2,3,0,0,0,0,0,0,0,0,0,0,1,0,0,0,0,0
"Netherlands","Wesley Sneijder",6,0,0,5,1,0,0,0,0,0,0,0,0,0,0,0,0,0,0,0,0
"Netherlands","Johan Neeskens",5,0,0,0,0,0,0,0,5,0,0,0,0,0,0,0,0,0,0,0,0
"Netherlands","Robin van Persie",6,0,0,1,4,0,0,0,0,0,0,0,0,0,0,1,0,0,0,0,0
"Netherlands","Johan Cruijff",3,0,0,0,0,0,0,0,3,0,0,0,0,0,0,0,0,0,0,0,0
"Netherlands","Ernie Brandts",2,0,0,0,0,0,0,0,0,0,0,0,0,0,0,0,0,0,0,0,2
"Netherlands","Phillip Cocu",2,0,0,0,0,0,0,0,0,0,2,0,0,0,0,0,0,0,0,0,0
"Netherlands","Ronald de Boer",2,0,0,0,0,0,0,0,0,0,2,0,0,0,0,0,0,0,0,0,0
"Netherlands","Memphis Depay",2,0,0,0,2,0,0,0,0,0,0,0,0,0,0,0,0,0,0,0,0
"Netherlands","Arie Haan",2,0,0,0,0,0,0,0,0,0,0,0,0,0,0,0,0,0,0,0,2
"Netherlands","Klaas-Jan Huntelaar",2,0,0,1,1,0,0,0,0,0,0,0,0,0,0,0,0,0,0,0,0
"Netherlands","Wim Jonk",2,0,0,0,0,0,0,0,0,2,0,0,0,0,0,0,0,0,0,0,0
"Netherlands","Patrick Kluivert",2,0,0,0,0,0,0,0,0,0,2,0,0,0,0,0,0,0,0,0,0
"Netherlands","Edgar Davids",1,0,0,0,0,0,0,0,0,0,1,0,0,0,0,0,0,0,0,0,0
"Netherlands","Theo de Jong",1,0,0,0,0,0,0,0,1,0,0,0,0,0,0,0,0,0,0,0,0
"Netherlands","Stefan de Vrij",1,0,0,0,1,0,0,0,0,0,0,0,0,0,0,0,0,0,0,0,0
"Netherlands","Leroy Fer",1,0,0,0,1,0,0,0,0,0,0,0,0,0,0,0,0,0,0,0,0
"Netherlands","Ruud Gullit",1,0,0,0,0,0,0,0,0,0,0,1,0,0,0,0,0,0,0,0,0
"Netherlands","Wim Kieft",1,0,0,0,0,0,0,0,0,0,0,1,0,0,0,0,0,0,0,0,0
"Netherlands","Ronald Koeman",1,0,0,0,0,0,0,0,0,0,0,1,0,0,0,0,0,0,0,0,0
"Netherlands","Ruud Krol",1,0,0,0,0,0,0,0,1,0,0,0,0,0,0,0,0,0,0,0,0
"Netherlands","Dirk Kuyt",1,0,0,1,0,0,0,0,0,0,0,0,0,0,0,0,0,0,0,0,0
"Netherlands","Dick Nanninga",1,0,0,0,0,0,0,0,0,0,0,0,0,0,0,0,0,0,0,0,1
"Netherlands","Marc Overmars",1,0,0,0,0,0,0,0,0,0,1,0,0,0,0,0,0,0,0,0,0
"Netherlands","Bryan Roy",1,0,0,0,0,0,0,0,0,1,0,0,0,0,0,0,0,0,0,0,0
"Netherlands","Kick Smit",1,0,0,0,0,0,0,0,0,0,0,0,0,0,0,0,0,1,0,0,0
"Netherlands","Gaston Taument",1,0,0,0,0,0,0,0,0,1,0,0,0,0,0,0,0,0,0,0,0
"Netherlands","Giovanni van Bronckhorst",1,0,0,1,0,0,0,0,0,0,0,0,0,0,0,0,0,0,0,0,0
"Netherlands","René van de Kerkhof",1,0,0,0,0,0,0,0,0,0,0,0,0,0,0,0,0,0,0,0,1
"Netherlands","Willy van de Kerkhof",1,0,0,0,0,0,0,0,0,0,0,0,0,0,0,0,0,0,0,0,1
"Netherlands","Pierre van Hooijdonk",1,0,0,0,0,0,0,0,0,0,1,0,0,0,0,0,0,0,0,0,0
"Netherlands","Ruud van Nistelrooy",1,0,0,0,0,0,0,0,0,0,0,0,0,0,0,1,0,0,0,0,0
"Netherlands","Leen Vente",1,0,0,0,0,0,0,0,0,0,0,0,0,0,0,0,0,1,0,0,0
"Netherlands","Aron Winter",1,0,0,0,0,0,0,0,0,1,0,0,0,0,0,0,0,0,0,0,0
"Netherlands","Boudewijn Zenden",1,0,0,0,0,0,0,0,0,0,1,0,0,0,0,0,0,0,0,0,0
"Netherlands","Own goals",1,0,0,1,0,0,0,0,0,0,0,0,0,0,0,0,0,0,0,0,0
"New Zealand","Winston Reid",1,0,0,1,0,0,0,0,0,0,0,0,0,0,0,0,0,0,0,0,0
"New Zealand","Shane Smeltz",1,0,0,1,0,0,0,0,0,0,0,0,0,0,0,0,0,0,0,0,0
"New Zealand","Steve Sumner",1,1,0,0,0,0,0,0,0,0,0,0,0,0,0,0,0,0,0,0,0
"New Zealand","Steve Wooddin",1,1,0,0,0,0,0,0,0,0,0,0,0,0,0,0,0,0,0,0,0
"Nigeria","Daniel Amokachi",2,0,0,0,0,0,0,0,0,2,0,0,0,0,0,0,0,0,0,0,0
"Nigeria","Emmanuel Amuneke",2,0,0,0,0,0,0,0,0,2,0,0,0,0,0,0,0,0,0,0,0
"Nigeria","Ahmed Musa",2,0,0,0,2,0,0,0,0,0,0,0,0,0,0,0,0,0,0,0,0
"Nigeria","Kalu Uche",2,0,0,2,0,0,0,0,0,0,0,0,0,0,0,0,0,0,0,0,0
"Nigeria","Mutiu Adepoju",1,0,0,0,0,0,0,0,0,0,1,0,0,0,0,0,0,0,0,0,0
"Nigeria","Julius Aghahowa",1,0,0,0,0,0,0,0,0,0,0,0,1,0,0,0,0,0,0,0,0
"Nigeria","Yakubu Aiyegbeni",1,0,0,1,0,0,0,0,0,0,0,0,0,0,0,0,0,0,0,0,0
"Nigeria","Tijani Babangida",1,0,0,0,0,0,0,0,0,0,1,0,0,0,0,0,0,0,0,0,0
"Nigeria","Finidi George",1,0,0,0,0,0,0,0,0,1,0,0,0,0,0,0,0,0,0,0,0
"Nigeria","Victor Ikpeba",1,0,0,0,0,0,0,0,0,0,1,0,0,0,0,0,0,0,0,0,0
"Nigeria","Peter Odemwingie",1,0,0,0,1,0,0,0,0,0,0,0,0,0,0,0,0,0,0,0,0
"Nigeria","Sunday Oliseh",1,0,0,0,0,0,0,0,0,0,1,0,0,0,0,0,0,0,0,0,0
"Nigeria","Wilson Oruma",1,0,0,0,0,0,0,0,0,0,1,0,0,0,0,0,0,0,0,0,0
"Nigeria","Samson Siasia",1,0,0,0,0,0,0,0,0,1,0,0,0,0,0,0,0,0,0,0,0
"Nigeria","Rashidi Yekini",1,0,0,0,0,0,0,0,0,1,0,0,0,0,0,0,0,0,0,0,0
"Nigeria","Own goals",1,0,0,0,0,0,0,0,0,0,1,0,0,0,0,0,0,0,0,0,0
"North Korea","Pak Seung-zin",2,0,0,0,0,0,2,0,0,0,0,0,0,0,0,0,0,0,0,0,0
"North Korea","Ji Yun-nam",1,0,0,1,0,0,0,0,0,0,0,0,0,0,0,0,0,0,0,0,0
"North Korea","Li Dong-woon",1,0,0,0,0,0,1,0,0,0,0,0,0,0,0,0,0,0,0,0,0
"North Korea","Pak Doo-ik",1,0,0,0,0,0,1,0,0,0,0,0,0,0,0,0,0,0,0,0,0
"North Korea","Yang Seung-kook",1,0,0,0,0,0,1,0,0,0,0,0,0,0,0,0,0,0,0,0,0
"Austria","Erich Probst",6,0,0,0,0,0,0,0,0,0,0,0,0,0,0,0,0,0,6,0,0
"Austria","Hans Krankl",5,1,0,0,0,0,0,0,0,0,0,0,0,0,0,0,0,0,0,0,4
"Austria","Alfred Körner",3,0,0,0,0,0,0,0,0,0,0,0,0,0,0,0,0,0,2,1,0
"Austria","Walter Schachner",3,2,0,0,0,0,0,0,0,0,0,0,0,0,0,0,0,0,0,0,1
"Austria","Ernst Stojaspal",3,0,0,0,0,0,0,0,0,0,0,0,0,0,0,0,0,0,3,0,0
"Austria","Theodor Wagner",3,0,0,0,0,0,0,0,0,0,0,0,0,0,0,0,0,0,3,0,0
"Austria","Johann Horvath",2,0,0,0,0,0,0,0,0,0,0,0,0,0,0,0,0,2,0,0,0
"Austria","Ernst Ocwirk",2,0,0,0,0,0,0,0,0,0,0,0,0,0,0,0,0,0,2,0,0
"Austria","Josef Bican",1,0,0,0,0,0,0,0,0,0,0,0,0,0,0,0,0,1,0,0,0
"Austria","Andreas Herzog",1,0,0,0,0,0,0,0,0,0,1,0,0,0,0,0,0,0,0,0,0
"Austria","Reinhold Hintermaier",1,1,0,0,0,0,0,0,0,0,0,0,0,0,0,0,0,0,0,0,0
"Austria","Karl Koller",1,0,0,0,0,0,0,0,0,0,0,0,0,0,0,0,0,0,0,1,0
"Austria","Erich Obermayer",1,0,0,0,0,0,0,0,0,0,0,0,0,0,0,0,0,0,0,0,1
"Austria","Andreas Ogris",1,0,0,0,0,0,0,0,0,0,0,1,0,0,0,0,0,0,0,0,0
"Austria","Bruno Pezzey",1,1,0,0,0,0,0,0,0,0,0,0,0,0,0,0,0,0,0,0,0
"Austria","Toni Polster",1,0,0,0,0,0,0,0,0,0,1,0,0,0,0,0,0,0,0,0,0
"Austria","Gerhard Rodax",1,0,0,0,0,0,0,0,0,0,0,1,0,0,0,0,0,0,0,0,0
"Austria","Toni Schall",1,0,0,0,0,0,0,0,0,0,0,0,0,0,0,0,0,1,0,0,0
"Austria","Karl Sesta",1,0,0,0,0,0,0,0,0,0,0,0,0,0,0,0,0,1,0,0,0
"Austria","Matthias Sindelar",1,0,0,0,0,0,0,0,0,0,0,0,0,0,0,0,0,1,0,0,0
"Austria","Ivica Vasti?",1,0,0,0,0,0,0,0,0,0,1,0,0,0,0,0,0,0,0,0,0
"Austria","Karl Zischek",1,0,0,0,0,0,0,0,0,0,0,0,0,0,0,0,0,1,0,0,0
"Austria","Own goals",2,0,0,0,0,0,0,0,0,0,0,0,0,0,0,0,0,0,1,0,1
"Northern Ireland","Peter McParland",5,0,0,0,0,0,0,0,0,0,0,0,0,0,0,0,0,0,0,5,0
"Northern Ireland","Gerry Armstrong",3,3,0,0,0,0,0,0,0,0,0,0,0,0,0,0,0,0,0,0,0
"Northern Ireland","Billy Hamilton",2,2,0,0,0,0,0,0,0,0,0,0,0,0,0,0,0,0,0,0,0
"Northern Ireland","Colin Clarke",1,0,1,0,0,0,0,0,0,0,0,0,0,0,0,0,0,0,0,0,0
"Northern Ireland","Wilbur Cush",1,0,0,0,0,0,0,0,0,0,0,0,0,0,0,0,0,0,0,1,0
"Northern Ireland","Norman Whiteside",1,0,1,0,0,0,0,0,0,0,0,0,0,0,0,0,0,0,0,0,0
"Norway","Kjetil Rekdal",2,0,0,0,0,0,0,0,0,1,1,0,0,0,0,0,0,0,0,0,0
"Norway","Arne Brustad",1,0,0,0,0,0,0,0,0,0,0,0,0,0,0,0,1,0,0,0,0
"Norway","Dan Eggen",1,0,0,0,0,0,0,0,0,0,1,0,0,0,0,0,0,0,0,0,0
"Norway","Håvard Flo",1,0,0,0,0,0,0,0,0,0,1,0,0,0,0,0,0,0,0,0,0
"Norway","Tore André Flo",1,0,0,0,0,0,0,0,0,0,1,0,0,0,0,0,0,0,0,0,0
"Norway","Own goals",1,0,0,0,0,0,0,0,0,0,1,0,0,0,0,0,0,0,0,0,0
"Paraguay","Nelson Cuevas",3,0,0,0,0,0,0,0,0,0,0,0,2,0,0,1,0,0,0,0,0
"Paraguay","Juan Agüero",2,0,0,0,0,0,0,0,0,0,0,0,0,0,0,0,0,0,0,2,0
"Paraguay","Florencio Amarilla",2,0,0,0,0,0,0,0,0,0,0,0,0,0,0,0,0,0,0,2,0
"Paraguay","Roberto Cabañas",2,0,2,0,0,0,0,0,0,0,0,0,0,0,0,0,0,0,0,0,0
"Paraguay","José Parodi",2,0,0,0,0,0,0,0,0,0,0,0,0,0,0,0,0,0,0,2,0
"Paraguay","Jorge Lino Romero",2,0,0,0,0,0,0,0,0,0,0,0,0,0,0,0,0,0,0,2,0
"Paraguay","Julio César Romero",2,0,2,0,0,0,0,0,0,0,0,0,0,0,0,0,0,0,0,0,0
"Paraguay","Antolín Alcaraz",1,0,0,1,0,0,0,0,0,0,0,0,0,0,0,0,0,0,0,0,0
"Paraguay","Francisco Arce",1,0,0,0,0,0,0,0,0,0,0,0,1,0,0,0,0,0,0,0,0
"Paraguay","Celso Ayala",1,0,0,0,0,0,0,0,0,0,1,0,0,0,0,0,0,0,0,0,0
"Paraguay","Miguel Ángel Benítez",1,0,0,0,0,0,0,0,0,0,1,0,0,0,0,0,0,0,0,0,0
"Paraguay","Jorge Luis Campos",1,0,0,0,0,0,0,0,0,0,0,0,1,0,0,0,0,0,0,0,0
"Paraguay","José Cardozo",1,0,0,0,0,0,0,0,0,0,1,0,0,0,0,0,0,0,0,0,0
"Paraguay","Atilio López",1,0,0,0,0,0,0,0,0,0,0,0,0,0,1,0,0,0,0,0,0
"Paraguay","César López",1,0,0,0,0,0,0,0,0,0,0,0,0,0,1,0,0,0,0,0,0
"Paraguay","Cayetano Ré",1,0,0,0,0,0,0,0,0,0,0,0,0,0,0,0,0,0,0,1,0
"Paraguay","Cristian Riveros",1,0,0,1,0,0,0,0,0,0,0,0,0,0,0,0,0,0,0,0,0
"Paraguay","Roque Santa Cruz",1,0,0,0,0,0,0,0,0,0,0,0,1,0,0,0,0,0,0,0,0
"Paraguay","Luis Vargas Peña",1,0,0,0,0,0,0,0,0,0,0,0,0,1,0,0,0,0,0,0,0
"Paraguay","Enrique Vera",1,0,0,1,0,0,0,0,0,0,0,0,0,0,0,0,0,0,0,0,0
"Paraguay","Own goals",2,0,0,0,0,0,0,0,0,0,0,0,1,0,0,1,0,0,0,0,0
"Peru","Teófilo Cubillas",10,0,0,0,0,0,0,5,0,0,0,0,0,0,0,0,0,0,0,0,5
"Peru","Alberto Gallardo",2,0,0,0,0,0,0,2,0,0,0,0,0,0,0,0,0,0,0,0,0
"Peru","Roberto Challe",1,0,0,0,0,0,0,1,0,0,0,0,0,0,0,0,0,0,0,0,0
"Peru","Héctor Chumpitaz",1,0,0,0,0,0,0,1,0,0,0,0,0,0,0,0,0,0,0,0,0
"Peru","César Cueto",1,0,0,0,0,0,0,0,0,0,0,0,0,0,0,0,0,0,0,0,1
"Peru","Luis De Souza Ferreira",1,0,0,0,0,0,0,0,0,0,0,0,0,1,0,0,0,0,0,0,0
"Peru","Rubén Toribio Díaz",1,1,0,0,0,0,0,0,0,0,0,0,0,0,0,0,0,0,0,0,0
"Peru","Guillermo La Rosa",1,1,0,0,0,0,0,0,0,0,0,0,0,0,0,0,0,0,0,0,0
"Peru","José Velásquez",1,0,0,0,0,0,0,0,0,0,0,0,0,0,0,0,0,0,0,0,1
"Poland","Grzegorz Lato",10,1,0,0,0,0,0,0,7,0,0,0,0,0,0,0,0,0,0,0,2
"Poland","Andrzej Szarmach",7,1,0,0,0,0,0,0,5,0,0,0,0,0,0,0,0,0,0,0,1
"Poland","Zbigniew Boniek",6,4,0,0,0,0,0,0,0,0,0,0,0,0,0,0,0,0,0,0,2
"Poland","Kazimierz Deyna",4,0,0,0,0,0,0,0,3,0,0,0,0,0,0,0,0,0,0,0,1
"Poland","Ernest Wilimowski",4,0,0,0,0,0,0,0,0,0,0,0,0,0,0,0,4,0,0,0,0
"Poland","Bartosz Bosacki",2,0,0,0,0,0,0,0,0,0,0,0,0,0,0,2,0,0,0,0,0
"Poland","W?odzimierz Smolarek",2,1,1,0,0,0,0,0,0,0,0,0,0,0,0,0,0,0,0,0,0
"Poland","Andrzej Buncol",1,1,0,0,0,0,0,0,0,0,0,0,0,0,0,0,0,0,0,0,0
"Poland","W?odzimierz Cio?ek",1,1,0,0,0,0,0,0,0,0,0,0,0,0,0,0,0,0,0,0,0
"Poland","Jerzy Gorgo?",1,0,0,0,0,0,0,0,1,0,0,0,0,0,0,0,0,0,0,0,0
"Poland","Pawe? Krysza?owicz",1,0,0,0,0,0,0,0,0,0,0,0,1,0,0,0,0,0,0,0,0
"Poland","Janusz Kupcewicz",1,1,0,0,0,0,0,0,0,0,0,0,0,0,0,0,0,0,0,0,0
"Poland","Stefan Majewski",1,1,0,0,0,0,0,0,0,0,0,0,0,0,0,0,0,0,0,0,0
"Poland","Emmanuel Olisadebe",1,0,0,0,0,0,0,0,0,0,0,0,1,0,0,0,0,0,0,0,0
"Poland","Fryderyk Scherfke",1,0,0,0,0,0,0,0,0,0,0,0,0,0,0,0,1,0,0,0,0
"Poland","Marcin ?ew?akow",1,0,0,0,0,0,0,0,0,0,0,0,1,0,0,0,0,0,0,0,0
"Portugal","Eusébio",9,0,0,0,0,0,9,0,0,0,0,0,0,0,0,0,0,0,0,0,0
"Portugal","Pauleta",4,0,0,0,0,0,0,0,0,0,0,0,3,0,0,1,0,0,0,0,0
"Portugal","José Augusto",3,0,0,0,0,0,3,0,0,0,0,0,0,0,0,0,0,0,0,0,0
"Portugal","Cristiano Ronaldo",3,0,0,1,1,0,0,0,0,0,0,0,0,0,0,1,0,0,0,0,0
"Portugal","Torres",3,0,0,0,0,0,3,0,0,0,0,0,0,0,0,0,0,0,0,0,0
"Portugal","Maniche",2,0,0,0,0,0,0,0,0,0,0,0,0,0,0,2,0,0,0,0,0
"Portugal","Simão",2,0,0,1,0,0,0,0,0,0,0,0,0,0,0,1,0,0,0,0,0
"Portugal","Tiago",2,0,0,2,0,0,0,0,0,0,0,0,0,0,0,0,0,0,0,0,0
"Portugal","António Simões",1,0,0,0,0,0,1,0,0,0,0,0,0,0,0,0,0,0,0,0,0
"Portugal","Beto",1,0,0,0,0,0,0,0,0,0,0,0,1,0,0,0,0,0,0,0,0
"Portugal","Carlos Manuel",1,0,1,0,0,0,0,0,0,0,0,0,0,0,0,0,0,0,0,0,0
"Portugal","Deco",1,0,0,0,0,0,0,0,0,0,0,0,0,0,0,1,0,0,0,0,0
"Portugal","Diamantino Miranda",1,0,1,0,0,0,0,0,0,0,0,0,0,0,0,0,0,0,0,0,0
"Portugal","Hugo Almeida",1,0,0,1,0,0,0,0,0,0,0,0,0,0,0,0,0,0,0,0,0
"Portugal","Liédson",1,0,0,1,0,0,0,0,0,0,0,0,0,0,0,0,0,0,0,0,0
"Portugal","Nani",1,0,0,0,1,0,0,0,0,0,0,0,0,0,0,0,0,0,0,0,0
"Portugal","Nuno Gomes",1,0,0,0,0,0,0,0,0,0,0,0,0,0,0,1,0,0,0,0,0
"Portugal","Raul Meireles",1,0,0,1,0,0,0,0,0,0,0,0,0,0,0,0,0,0,0,0,0
"Portugal","Rui Costa",1,0,0,0,0,0,0,0,0,0,0,0,1,0,0,0,0,0,0,0,0
"Portugal","Silvestre Varela",1,0,0,0,1,0,0,0,0,0,0,0,0,0,0,0,0,0,0,0,0
"Portugal","Own goals",3,0,0,0,1,0,1,0,0,0,0,0,1,0,0,0,0,0,0,0,0
"Republic of Ireland","Robbie Keane",3,0,0,0,0,0,0,0,0,0,0,0,3,0,0,0,0,0,0,0,0
"Republic of Ireland","John Aldridge",1,0,0,0,0,0,0,0,0,1,0,0,0,0,0,0,0,0,0,0,0
"Republic of Ireland","Gary Breen",1,0,0,0,0,0,0,0,0,0,0,0,1,0,0,0,0,0,0,0,0
"Republic of Ireland","Damien Duff",1,0,0,0,0,0,0,0,0,0,0,0,1,0,0,0,0,0,0,0,0
"Republic of Ireland","Matt Holland",1,0,0,0,0,0,0,0,0,0,0,0,1,0,0,0,0,0,0,0,0
"Republic of Ireland","Ray Houghton",1,0,0,0,0,0,0,0,0,1,0,0,0,0,0,0,0,0,0,0,0
"Republic of Ireland","Niall Quinn",1,0,0,0,0,0,0,0,0,0,0,1,0,0,0,0,0,0,0,0,0
"Republic of Ireland","Kevin Sheedy",1,0,0,0,0,0,0,0,0,0,0,1,0,0,0,0,0,0,0,0,0
"Romania","Florin R?ducioiu",4,0,0,0,0,0,0,0,0,4,0,0,0,0,0,0,0,0,0,0,0
"Romania","?tefan Dobay",3,0,0,0,0,0,0,0,0,0,0,0,0,0,0,0,2,1,0,0,0
"Romania","Gheorghe Hagi",3,0,0,0,0,0,0,0,0,3,0,0,0,0,0,0,0,0,0,0,0
"Romania","Gavril Balint",2,0,0,0,0,0,0,0,0,0,0,2,0,0,0,0,0,0,0,0,0
"Romania","Florea Dumitrache",2,0,0,0,0,0,0,2,0,0,0,0,0,0,0,0,0,0,0,0,0
"Romania","Ilie Dumitrescu",2,0,0,0,0,0,0,0,0,2,0,0,0,0,0,0,0,0,0,0,0
"Romania","Marius L?c?tu?",2,0,0,0,0,0,0,0,0,0,0,2,0,0,0,0,0,0,0,0,0
"Romania","Viorel Moldovan",2,0,0,0,0,0,0,0,0,0,2,0,0,0,0,0,0,0,0,0,0
"Romania","Dan Petrescu",2,0,0,0,0,0,0,0,0,1,1,0,0,0,0,0,0,0,0,0,0
"Romania","Iuliu Baratky",1,0,0,0,0,0,0,0,0,0,0,0,0,0,0,0,1,0,0,0,0
"Romania","Silviu Bindea",1,0,0,0,0,0,0,0,0,0,0,0,0,0,0,0,1,0,0,0,0
"Romania","Emerich Dembrovschi",1,0,0,0,0,0,0,1,0,0,0,0,0,0,0,0,0,0,0,0,0
"Romania","Adalbert De?u",1,0,0,0,0,0,0,0,0,0,0,0,0,1,0,0,0,0,0,0,0
"Romania","Adrian Ilie",1,0,0,0,0,0,0,0,0,0,1,0,0,0,0,0,0,0,0,0,0
"Romania","Nicolae Kovács",1,0,0,0,0,0,0,0,0,0,0,0,0,1,0,0,0,0,0,0,0
"Romania","Alexandru Neagu",1,0,0,0,0,0,0,1,0,0,0,0,0,0,0,0,0,0,0,0,0
"Romania","Constantin Stanciu",1,0,0,0,0,0,0,0,0,0,0,0,0,1,0,0,0,0,0,0,0
"Russia","Oleg Salenko",6,0,0,0,0,0,0,0,0,6,0,0,0,0,0,0,0,0,0,0,0
"Russia","Vladimir Beschastnykh",1,0,0,0,0,0,0,0,0,0,0,0,1,0,0,0,0,0,0,0,0
"Russia","Valery Karpin",1,0,0,0,0,0,0,0,0,0,0,0,1,0,0,0,0,0,0,0,0
"Russia","Aleksandr Kerzhakov",1,0,0,0,1,0,0,0,0,0,0,0,0,0,0,0,0,0,0,0,0
"Russia","Aleksandr Kokorin",1,0,0,0,1,0,0,0,0,0,0,0,0,0,0,0,0,0,0,0,0
"Russia","Dmitri Radchenko",1,0,0,0,0,0,0,0,0,1,0,0,0,0,0,0,0,0,0,0,0
"Russia","Dmitri Sychev",1,0,0,0,0,0,0,0,0,0,0,0,1,0,0,0,0,0,0,0,0
"Russia","Egor Titov",1,0,0,0,0,0,0,0,0,0,0,0,1,0,0,0,0,0,0,0,0
"Saudi Arabia","Sami Al-Jaber",3,0,0,0,0,0,0,0,0,1,1,0,0,0,0,1,0,0,0,0,0
"Saudi Arabia","Fuad Amin",2,0,0,0,0,0,0,0,0,2,0,0,0,0,0,0,0,0,0,0,0
"Saudi Arabia","Fahad Al-Ghesheyan",1,0,0,0,0,0,0,0,0,1,0,0,0,0,0,0,0,0,0,0,0
"Saudi Arabia","Saeed Al-Owairan",1,0,0,0,0,0,0,0,0,1,0,0,0,0,0,0,0,0,0,0,0
"Saudi Arabia","Yasser Al-Qahtani",1,0,0,0,0,0,0,0,0,0,0,0,0,0,0,1,0,0,0,0,0
"Saudi Arabia","Yousuf Al-Thunayan",1,0,0,0,0,0,0,0,0,0,1,0,0,0,0,0,0,0,0,0,0
"Belgium","Marc Wilmots",5,0,0,0,0,0,0,0,0,0,2,0,3,0,0,0,0,0,0,0,0
"Belgium","Jan Ceulemans",4,0,3,0,0,0,0,0,0,0,0,1,0,0,0,0,0,0,0,0,0
"Belgium","Léopold Anoul",3,0,0,0,0,0,0,0,0,0,0,0,0,0,0,0,0,0,3,0,0
"Belgium","Nico Claesen",3,0,3,0,0,0,0,0,0,0,0,0,0,0,0,0,0,0,0,0,0
"Belgium","Enzo Scifo",3,0,2,0,0,0,0,0,0,0,0,1,0,0,0,0,0,0,0,0,0
"Belgium","Philippe Albert",2,0,0,0,0,0,0,0,0,2,0,0,0,0,0,0,0,0,0,0,0
"Belgium","Marc Degryse",2,0,0,0,0,0,0,0,0,1,0,1,0,0,0,0,0,0,0,0,0
"Belgium","Raoul Lambert",2,0,0,0,0,0,0,2,0,0,0,0,0,0,0,0,0,0,0,0,0
"Belgium","Wilfried Van Moer",2,0,0,0,0,0,0,2,0,0,0,0,0,0,0,0,0,0,0,0,0
"Belgium","Erwin Vandenbergh",2,1,1,0,0,0,0,0,0,0,0,0,0,0,0,0,0,0,0,0,0
"Belgium","Bernard Voorhoof",2,0,0,0,0,0,0,0,0,0,0,0,0,0,0,0,0,2,0,0,0
"Belgium","Lei Clijsters",1,0,0,0,0,0,0,0,0,0,0,1,0,0,0,0,0,0,0,0,0
"Belgium","Ludo Coeck",1,1,0,0,0,0,0,0,0,0,0,0,0,0,0,0,0,0,0,0,0
"Belgium","Henri Coppens",1,0,0,0,0,0,0,0,0,0,0,0,0,0,0,0,0,0,1,0,0
"Belgium","Alexandre Czerniatynski",1,1,0,0,0,0,0,0,0,0,0,0,0,0,0,0,0,0,0,0,0
"Belgium","Kevin De Bruyne",1,0,0,0,1,0,0,0,0,0,0,0,0,0,0,0,0,0,0,0,0
"Belgium","Michel De Wolf",1,0,0,0,0,0,0,0,0,0,0,1,0,0,0,0,0,0,0,0,0
"Belgium","Stéphane Demol",1,0,1,0,0,0,0,0,0,0,0,0,0,0,0,0,0,0,0,0,0
"Belgium","Marouane Fellaini",1,0,0,0,1,0,0,0,0,0,0,0,0,0,0,0,0,0,0,0,0
"Belgium","Georges Grün",1,0,0,0,0,0,0,0,0,1,0,0,0,0,0,0,0,0,0,0,0
"Belgium","Henri Isemborghs",1,0,0,0,0,0,0,0,0,0,0,0,0,0,0,0,1,0,0,0,0
"Belgium","Romelu Lukaku",1,0,0,0,1,0,0,0,0,0,0,0,0,0,0,0,0,0,0,0,0
"Belgium","Dries Mertens",1,0,0,0,1,0,0,0,0,0,0,0,0,0,0,0,0,0,0,0,0
"Belgium","Luc Nilis",1,0,0,0,0,0,0,0,0,0,1,0,0,0,0,0,0,0,0,0,0
"Belgium","Divock Origi",1,0,0,0,1,0,0,0,0,0,0,0,0,0,0,0,0,0,0,0,0
"Belgium","Wesley Sonck",1,0,0,0,0,0,0,0,0,0,0,0,1,0,0,0,0,0,0,0,0
"Belgium","Peter Van Der Heyden",1,0,0,0,0,0,0,0,0,0,0,0,1,0,0,0,0,0,0,0,0
"Belgium","Franky Vercauteren",1,0,1,0,0,0,0,0,0,0,0,0,0,0,0,0,0,0,0,0,0
"Belgium","Jan Vertonghen",1,0,0,0,1,0,0,0,0,0,0,0,0,0,0,0,0,0,0,0,0
"Belgium","Patrick Vervoort",1,0,0,0,0,0,0,0,0,0,0,1,0,0,0,0,0,0,0,0,0
"Belgium","Daniel Veyt",1,0,1,0,0,0,0,0,0,0,0,0,0,0,0,0,0,0,0,0,0
"Belgium","Johan Walem",1,0,0,0,0,0,0,0,0,0,0,0,1,0,0,0,0,0,0,0,0
"Belgium","Own goals",1,0,0,0,0,0,0,0,0,0,0,0,0,0,0,0,0,0,1,0,0
"Scotland","Joe Jordan",4,1,0,0,0,0,0,0,2,0,0,0,0,0,0,0,0,0,0,0,1
"Scotland","Kenny Dalglish",2,1,0,0,0,0,0,0,0,0,0,0,0,0,0,0,0,0,0,0,1
"Scotland","Archie Gemmill",2,0,0,0,0,0,0,0,0,0,0,0,0,0,0,0,0,0,0,0,2
"Scotland","John Wark",2,2,0,0,0,0,0,0,0,0,0,0,0,0,0,0,0,0,0,0,0
"Scotland","Steve Archibald",1,1,0,0,0,0,0,0,0,0,0,0,0,0,0,0,0,0,0,0,0
"Scotland","Sammy Baird",1,0,0,0,0,0,0,0,0,0,0,0,0,0,0,0,0,0,0,1,0
"Scotland","Craig Burley",1,0,0,0,0,0,0,0,0,0,1,0,0,0,0,0,0,0,0,0,0
"Scotland","Bobby Collins",1,0,0,0,0,0,0,0,0,0,0,0,0,0,0,0,0,0,0,1,0
"Scotland","John Collins",1,0,0,0,0,0,0,0,0,0,1,0,0,0,0,0,0,0,0,0,0
"Scotland","Mo Johnston",1,0,0,0,0,0,0,0,0,0,0,1,0,0,0,0,0,0,0,0,0
"Scotland","Peter Lorimer",1,0,0,0,0,0,0,0,1,0,0,0,0,0,0,0,0,0,0,0,0
"Scotland","Stuart McCall",1,0,0,0,0,0,0,0,0,0,0,1,0,0,0,0,0,0,0,0,0
"Scotland","Jackie Mudie",1,0,0,0,0,0,0,0,0,0,0,0,0,0,0,0,0,0,0,1,0
"Scotland","Jimmy Murray",1,0,0,0,0,0,0,0,0,0,0,0,0,0,0,0,0,0,0,1,0
"Scotland","David Narey",1,1,0,0,0,0,0,0,0,0,0,0,0,0,0,0,0,0,0,0,0
"Scotland","John Robertson",1,1,0,0,0,0,0,0,0,0,0,0,0,0,0,0,0,0,0,0,0
"Scotland","Graeme Souness",1,1,0,0,0,0,0,0,0,0,0,0,0,0,0,0,0,0,0,0,0
"Scotland","Gordon Strachan",1,0,1,0,0,0,0,0,0,0,0,0,0,0,0,0,0,0,0,0,0
"Scotland","Own goals",1,0,0,0,0,0,0,0,0,0,0,0,0,0,0,0,0,0,0,0,1
"Senegal","Papa Bouba Diop",3,0,0,0,0,0,0,0,0,0,0,0,3,0,0,0,0,0,0,0,0
"Senegal","Henri Camara",2,0,0,0,0,0,0,0,0,0,0,0,2,0,0,0,0,0,0,0,0
"Senegal","Salif Diao",1,0,0,0,0,0,0,0,0,0,0,0,1,0,0,0,0,0,0,0,0
"Senegal","Khalilou Fadiga",1,0,0,0,0,0,0,0,0,0,0,0,1,0,0,0,0,0,0,0,0
"Serbia","Saša Ili?",1,0,0,0,0,0,0,0,0,0,0,0,0,0,0,1,0,0,0,0,0
"Serbia","Milan Jovanovi?",1,0,0,1,0,0,0,0,0,0,0,0,0,0,0,0,0,0,0,0,0
"Serbia","Marko Panteli?",1,0,0,1,0,0,0,0,0,0,0,0,0,0,0,0,0,0,0,0,0
"Serbia","Nikola Žigi?",1,0,0,0,0,0,0,0,0,0,0,0,0,0,0,1,0,0,0,0,0
"Slovakia","Róbert Vittek",4,0,0,4,0,0,0,0,0,0,0,0,0,0,0,0,0,0,0,0,0
"Slovakia","Kamil Kopúnek",1,0,0,1,0,0,0,0,0,0,0,0,0,0,0,0,0,0,0,0,0
"Slovenia","Milenko A?imovi?",1,0,0,0,0,0,0,0,0,0,0,0,1,0,0,0,0,0,0,0,0
"Slovenia","Valter Birsa",1,0,0,1,0,0,0,0,0,0,0,0,0,0,0,0,0,0,0,0,0
"Slovenia","Sebastjan Cimiroti?",1,0,0,0,0,0,0,0,0,0,0,0,1,0,0,0,0,0,0,0,0
"Slovenia","Robert Koren",1,0,0,1,0,0,0,0,0,0,0,0,0,0,0,0,0,0,0,0,0
"Slovenia","Zlatan Ljubijanki?",1,0,0,1,0,0,0,0,0,0,0,0,0,0,0,0,0,0,0,0,0
"South Africa","Shaun Bartlett",2,0,0,0,0,0,0,0,0,0,2,0,0,0,0,0,0,0,0,0,0
"South Africa","Benni McCarthy",2,0,0,0,0,0,0,0,0,0,1,0,1,0,0,0,0,0,0,0,0
"South Africa","Quinton Fortune",1,0,0,0,0,0,0,0,0,0,0,0,1,0,0,0,0,0,0,0,0
"South Africa","Bongani Khumalo",1,0,0,1,0,0,0,0,0,0,0,0,0,0,0,0,0,0,0,0,0
"South Africa","Teboho Mokoena",1,0,0,0,0,0,0,0,0,0,0,0,1,0,0,0,0,0,0,0,0
"South Africa","Katlego Mphela",1,0,0,1,0,0,0,0,0,0,0,0,0,0,0,0,0,0,0,0,0
"South Africa","Siyabonga Nomvethe",1,0,0,0,0,0,0,0,0,0,0,0,1,0,0,0,0,0,0,0,0
"South Africa","Lucas Radebe",1,0,0,0,0,0,0,0,0,0,0,0,1,0,0,0,0,0,0,0,0
"South Africa","Siphiwe Tshabalala",1,0,0,1,0,0,0,0,0,0,0,0,0,0,0,0,0,0,0,0,0
"South Korea","Ahn Jung-hwan",3,0,0,0,0,0,0,0,0,0,0,0,2,0,0,1,0,0,0,0,0
"South Korea","Park Ji-sung",3,0,0,1,0,0,0,0,0,0,0,0,1,0,0,1,0,0,0,0,0
"South Korea","Hong Myung-bo",2,0,0,0,0,0,0,0,0,2,0,0,0,0,0,0,0,0,0,0,0
"South Korea","Hwang Sun-hong",2,0,0,0,0,0,0,0,0,1,0,0,1,0,0,0,0,0,0,0,0
"South Korea","Lee Chung-yong",2,0,0,2,0,0,0,0,0,0,0,0,0,0,0,0,0,0,0,0,0
"South Korea","Lee Jung-soo",2,0,0,2,0,0,0,0,0,0,0,0,0,0,0,0,0,0,0,0,0
"South Korea","Yoo Sang-chul",2,0,0,0,0,0,0,0,0,0,1,0,1,0,0,0,0,0,0,0,0
"South Korea","Choi Soon-ho",1,0,1,0,0,0,0,0,0,0,0,0,0,0,0,0,0,0,0,0,0
"South Korea","Ha Seok-ju",1,0,0,0,0,0,0,0,0,0,1,0,0,0,0,0,0,0,0,0,0
"South Korea","Hwangbo Kwan",1,0,0,0,0,0,0,0,0,0,0,1,0,0,0,0,0,0,0,0,0
"South Korea","Huh Jung-moo",1,0,1,0,0,0,0,0,0,0,0,0,0,0,0,0,0,0,0,0,0
"South Korea","Kim Jong-boo",1,0,1,0,0,0,0,0,0,0,0,0,0,0,0,0,0,0,0,0,0
"South Korea","Koo Ja-cheol",1,0,0,0,1,0,0,0,0,0,0,0,0,0,0,0,0,0,0,0,0
"South Korea","Lee Chun-soo",1,0,0,0,0,0,0,0,0,0,0,0,0,0,0,1,0,0,0,0,0
"South Korea","Lee Eul-yong",1,0,0,0,0,0,0,0,0,0,0,0,1,0,0,0,0,0,0,0,0
"South Korea","Lee Keun-ho",1,0,0,0,1,0,0,0,0,0,0,0,0,0,0,0,0,0,0,0,0
"South Korea","Park Chang-sun",1,0,1,0,0,0,0,0,0,0,0,0,0,0,0,0,0,0,0,0,0
"South Korea","Park Chu-young",1,0,0,1,0,0,0,0,0,0,0,0,0,0,0,0,0,0,0,0,0
"South Korea","Seo Jung-won",1,0,0,0,0,0,0,0,0,1,0,0,0,0,0,0,0,0,0,0,0
"South Korea","Seol Ki-hyeon",1,0,0,0,0,0,0,0,0,0,0,0,1,0,0,0,0,0,0,0,0
"South Korea","Son Heung-min",1,0,0,0,1,0,0,0,0,0,0,0,0,0,0,0,0,0,0,0,0
"South Korea","Song Chong-gug",1,0,0,0,0,0,0,0,0,0,0,0,1,0,0,0,0,0,0,0,0
"Soviet Union","Valentin Ivanov",5,0,0,0,0,4,0,0,0,0,0,0,0,0,0,0,0,0,0,1,0
"Soviet Union","Igor Belanov",4,0,4,0,0,0,0,0,0,0,0,0,0,0,0,0,0,0,0,0,0
"Soviet Union","Anatoliy Byshovets",4,0,0,0,0,0,0,4,0,0,0,0,0,0,0,0,0,0,0,0,0
"Soviet Union","Igor Chislenko",4,0,0,0,0,2,2,0,0,0,0,0,0,0,0,0,0,0,0,0,0
"Soviet Union","Valeriy Porkuyan",4,0,0,0,0,0,4,0,0,0,0,0,0,0,0,0,0,0,0,0,0
"Soviet Union","Eduard Malofeyev",3,0,0,0,0,0,3,0,0,0,0,0,0,0,0,0,0,0,0,0,0
"Soviet Union","Oleg Blokhin",2,1,1,0,0,0,0,0,0,0,0,0,0,0,0,0,0,0,0,0,0
"Soviet Union","Aleksandr Ivanov",2,0,0,0,0,0,0,0,0,0,0,0,0,0,0,0,0,0,0,2,0
"Soviet Union","Viktor Ponedelnik",2,0,0,0,0,2,0,0,0,0,0,0,0,0,0,0,0,0,0,0,0
"Soviet Union","Aleksandr Zavarov",2,0,1,0,0,0,0,0,0,0,0,1,0,0,0,0,0,0,0,0,0
"Soviet Union","Sergei Aleinikov",1,0,1,0,0,0,0,0,0,0,0,0,0,0,0,0,0,0,0,0,0
"Soviet Union","Kakhi Asatiani",1,0,0,0,0,0,0,1,0,0,0,0,0,0,0,0,0,0,0,0,0
"Soviet Union","Andriy Bal",1,1,0,0,0,0,0,0,0,0,0,0,0,0,0,0,0,0,0,0,0
"Soviet Union","Sergei Baltacha",1,1,0,0,0,0,0,0,0,0,0,0,0,0,0,0,0,0,0,0,0
"Soviet Union","Anatoliy Banishevskiy",1,0,0,0,0,0,1,0,0,0,0,0,0,0,0,0,0,0,0,0,0
"Soviet Union","Aleksandr Chivadze",1,1,0,0,0,0,0,0,0,0,0,0,0,0,0,0,0,0,0,0,0
"Soviet Union","Igor Dobrovolski",1,0,0,0,0,0,0,0,0,0,0,1,0,0,0,0,0,0,0,0,0
"Soviet Union","Yuri Gavrilov",1,1,0,0,0,0,0,0,0,0,0,0,0,0,0,0,0,0,0,0,0
"Soviet Union","Anatoli Ilyin",1,0,0,0,0,0,0,0,0,0,0,0,0,0,0,0,0,0,0,1,0
"Soviet Union","Vitaly Khmelnitsky",1,0,0,0,0,0,0,1,0,0,0,0,0,0,0,0,0,0,0,0,0
"Soviet Union","Aleksei Mamykin",1,0,0,0,0,1,0,0,0,0,0,0,0,0,0,0,0,0,0,0,0
"Soviet Union","Khoren Hovhannisyan",1,1,0,0,0,0,0,0,0,0,0,0,0,0,0,0,0,0,0,0,0
"Soviet Union","Oleg Protasov",1,0,0,0,0,0,0,0,0,0,0,1,0,0,0,0,0,0,0,0,0
"Soviet Union","Vasiliy Rats",1,0,1,0,0,0,0,0,0,0,0,0,0,0,0,0,0,0,0,0,0
"Soviet Union","Sergey Rodionov",1,0,1,0,0,0,0,0,0,0,0,0,0,0,0,0,0,0,0,0,0
"Soviet Union","Ramaz Shengelia",1,1,0,0,0,0,0,0,0,0,0,0,0,0,0,0,0,0,0,0,0
"Soviet Union","Nikita Simonyan",1,0,0,0,0,0,0,0,0,0,0,0,0,0,0,0,0,0,0,1,0
"Soviet Union","Pavel Yakovenko",1,0,1,0,0,0,0,0,0,0,0,0,0,0,0,0,0,0,0,0,0
"Soviet Union","Ivan Yaremchuk",1,0,1,0,0,0,0,0,0,0,0,0,0,0,0,0,0,0,0,0,0
"Soviet Union","Andrei Zygmantovich",1,0,0,0,0,0,0,0,0,0,0,1,0,0,0,0,0,0,0,0,0
"Soviet Union","Own goals",1,0,1,0,0,0,0,0,0,0,0,0,0,0,0,0,0,0,0,0,0
"Spain","David Villa",9,0,0,5,1,0,0,0,0,0,0,0,0,0,0,3,0,0,0,0,0
"Spain","Emilio Butragueño",5,0,5,0,0,0,0,0,0,0,0,0,0,0,0,0,0,0,0,0,0
"Spain","Fernando Hierro",5,0,0,0,0,0,0,0,0,1,2,0,2,0,0,0,0,0,0,0,0
"Spain","Fernando Morientes",5,0,0,0,0,0,0,0,0,0,2,0,3,0,0,0,0,0,0,0,0
"Spain","Raúl",5,0,0,0,0,0,0,0,0,0,1,0,3,0,0,1,0,0,0,0,0
"Spain","Estanislao Basora",4,0,0,0,0,0,0,0,0,0,0,0,0,0,4,0,0,0,0,0,0
"Spain","Míchel",4,0,0,0,0,0,0,0,0,0,0,4,0,0,0,0,0,0,0,0,0
"Spain","Fernando Torres",4,0,0,0,1,0,0,0,0,0,0,0,0,0,0,3,0,0,0,0,0
"Spain","Telmo Zarra",4,0,0,0,0,0,0,0,0,0,0,0,0,0,4,0,0,0,0,0,0
"Spain","José Luis Caminero",3,0,0,0,0,0,0,0,0,3,0,0,0,0,0,0,0,0,0,0,0
"Spain","Julio Salinas",3,0,1,0,0,0,0,0,0,1,0,1,0,0,0,0,0,0,0,0,0
"Spain","Xabi Alonso",2,0,0,0,1,0,0,0,0,0,0,0,0,0,0,1,0,0,0,0,0
"Spain","Ramón Calderé",2,0,2,0,0,0,0,0,0,0,0,0,0,0,0,0,0,0,0,0,0
"Spain","Ion Andoni Goikoetxea",2,0,0,0,0,0,0,0,0,2,0,0,0,0,0,0,0,0,0,0,0
"Spain","Silvestre Igoa",2,0,0,0,0,0,0,0,0,0,0,0,0,0,2,0,0,0,0,0,0
"Spain","Andrés Iniesta",2,0,0,2,0,0,0,0,0,0,0,0,0,0,0,0,0,0,0,0,0
"Spain","José Iraragorri",2,0,0,0,0,0,0,0,0,0,0,0,0,0,0,0,0,2,0,0,0
"Spain","Luis Enrique",2,0,0,0,0,0,0,0,0,1,1,0,0,0,0,0,0,0,0,0,0
"Spain","Adelardo",1,0,0,0,0,1,0,0,0,0,0,0,0,0,0,0,0,0,0,0,0
"Spain","Amancio Amaro",1,0,0,0,0,0,1,0,0,0,0,0,0,0,0,0,0,0,0,0,0
"Spain","Juan Manuel Asensi",1,0,0,0,0,0,0,0,0,0,0,0,0,0,0,0,0,0,0,0,1
"Spain","Txiki Beguiristáin",1,0,0,0,0,0,0,0,0,1,0,0,0,0,0,0,0,0,0,0,0
"Spain","Dani",1,0,0,0,0,0,0,0,0,0,0,0,0,0,0,0,0,0,0,0,1
"Spain","Eloy",1,0,1,0,0,0,0,0,0,0,0,0,0,0,0,0,0,0,0,0,0
"Spain","Josep Maria Fusté",1,0,0,0,0,0,1,0,0,0,0,0,0,0,0,0,0,0,0,0,0
"Spain","Andoni Goikoetxea",1,0,1,0,0,0,0,0,0,0,0,0,0,0,0,0,0,0,0,0,0
"Spain","Alberto Górriz",1,0,0,0,0,0,0,0,0,0,0,1,0,0,0,0,0,0,0,0,0
"Spain","Josep Guardiola",1,0,0,0,0,0,0,0,0,1,0,0,0,0,0,0,0,0,0,0,0
"Spain","Juanito",1,1,0,0,0,0,0,0,0,0,0,0,0,0,0,0,0,0,0,0,0
"Spain","Juanito",1,0,0,0,0,0,0,0,0,0,0,0,0,0,0,1,0,0,0,0,0
"Spain","Kiko",1,0,0,0,0,0,0,0,0,0,1,0,0,0,0,0,0,0,0,0,0
"Spain","Isidro Lángara",1,0,0,0,0,0,0,0,0,0,0,0,0,0,0,0,0,1,0,0,0
"Spain","Roberto López Ufarte",1,1,0,0,0,0,0,0,0,0,0,0,0,0,0,0,0,0,0,0,0
"Spain","Juan Mata",1,0,0,0,1,0,0,0,0,0,0,0,0,0,0,0,0,0,0,0,0
"Spain","Gaizka Mendieta",1,0,0,0,0,0,0,0,0,0,0,0,1,0,0,0,0,0,0,0,0
"Spain","Joaquín Peiró",1,0,0,0,0,1,0,0,0,0,0,0,0,0,0,0,0,0,0,0,0
"Spain","Pirri",1,0,0,0,0,0,1,0,0,0,0,0,0,0,0,0,0,0,0,0,0
"Spain","Carles Puyol",1,0,0,1,0,0,0,0,0,0,0,0,0,0,0,0,0,0,0,0,0
"Spain","Luis Regueiro",1,0,0,0,0,0,0,0,0,0,0,0,0,0,0,0,0,1,0,0,0
"Spain","Manuel Sanchís",1,0,0,0,0,0,1,0,0,0,0,0,0,0,0,0,0,0,0,0,0
"Spain","Enrique Saura",1,1,0,0,0,0,0,0,0,0,0,0,0,0,0,0,0,0,0,0,0
"Spain","Juan Antonio Señor",1,0,1,0,0,0,0,0,0,0,0,0,0,0,0,0,0,0,0,0,0
"Spain","Juan Carlos Valerón",1,0,0,0,0,0,0,0,0,0,0,0,1,0,0,0,0,0,0,0,0
"Spain","Jesús María Zamora",1,1,0,0,0,0,0,0,0,0,0,0,0,0,0,0,0,0,0,0,0
"Spain","Own goals",1,0,0,0,0,0,0,0,0,0,1,0,0,0,0,0,0,0,0,0,0
"Sweden","Kennet Andersson",5,0,0,0,0,0,0,0,0,5,0,0,0,0,0,0,0,0,0,0,0
"Sweden","Henrik Larsson",5,0,0,0,0,0,0,0,0,1,0,0,3,0,0,1,0,0,0,0,0
"Sweden","Tomas Brolin",4,0,0,0,0,0,0,0,0,3,0,1,0,0,0,0,0,0,0,0,0
"Sweden","Martin Dahlin",4,0,0,0,0,0,0,0,0,4,0,0,0,0,0,0,0,0,0,0,0
"Sweden","Ralf Edström",4,0,0,0,0,0,0,0,4,0,0,0,0,0,0,0,0,0,0,0,0
"Sweden","Kurt Hamrin",4,0,0,0,0,0,0,0,0,0,0,0,0,0,0,0,0,0,0,4,0
"Sweden","Agne Simonsson",4,0,0,0,0,0,0,0,0,0,0,0,0,0,0,0,0,0,0,4,0
"Sweden","Harry Andersson",3,0,0,0,0,0,0,0,0,0,0,0,0,0,0,0,3,0,0,0,0
"Sweden","Sven Jonasson",3,0,0,0,0,0,0,0,0,0,0,0,0,0,0,0,1,2,0,0,0
"Sweden","Arne Nyberg",3,0,0,0,0,0,0,0,0,0,0,0,0,0,0,0,3,0,0,0,0
"Sweden","Karl-Erik Palmér",3,0,0,0,0,0,0,0,0,0,0,0,0,0,3,0,0,0,0,0,0
"Sweden","Stig Sundqvist",3,0,0,0,0,0,0,0,0,0,0,0,0,0,3,0,0,0,0,0,0
"Sweden","Gustav Wetterström",3,0,0,0,0,0,0,0,0,0,0,0,0,0,0,0,3,0,0,0,0
"Sweden","Sune Andersson",2,0,0,0,0,0,0,0,0,0,0,0,0,0,2,0,0,0,0,0,0
"Sweden","Hasse Jeppson",2,0,0,0,0,0,0,0,0,0,0,0,0,0,2,0,0,0,0,0,0
"Sweden","Nils Liedholm",2,0,0,0,0,0,0,0,0,0,0,0,0,0,0,0,0,0,0,2,0
"Sweden","Roland Sandberg",2,0,0,0,0,0,0,0,2,0,0,0,0,0,0,0,0,0,0,0,0
"Sweden","Niclas Alexandersson",1,0,0,0,0,0,0,0,0,0,0,0,1,0,0,0,0,0,0,0,0
"Sweden","Marcus Allbäck",1,0,0,0,0,0,0,0,0,0,0,0,0,0,0,1,0,0,0,0,0
"Sweden","Gösta Dunker",1,0,0,0,0,0,0,0,0,0,0,0,0,0,0,0,0,1,0,0,0
"Sweden","Johnny Ekström",1,0,0,0,0,0,0,0,0,0,0,1,0,0,0,0,0,0,0,0,0
"Sweden","Ove Grahn",1,0,0,0,0,0,0,1,0,0,0,0,0,0,0,0,0,0,0,0,0
"Sweden","Gunnar Gren",1,0,0,0,0,0,0,0,0,0,0,0,0,0,0,0,0,0,0,1,0
"Sweden","Tore Keller",1,0,0,0,0,0,0,0,0,0,0,0,0,0,0,0,1,0,0,0,0
"Sweden","Knut Kroon",1,0,0,0,0,0,0,0,0,0,0,0,0,0,0,0,0,1,0,0,0
"Sweden","Roger Ljung",1,0,0,0,0,0,0,0,0,1,0,0,0,0,0,0,0,0,0,0,0
"Sweden","Fredrik Ljungberg",1,0,0,0,0,0,0,0,0,0,0,0,0,0,0,1,0,0,0,0,0
"Sweden","Bror Mellberg",1,0,0,0,0,0,0,0,0,0,0,0,0,0,1,0,0,0,0,0,0
"Sweden","Håkan Mild",1,0,0,0,0,0,0,0,0,1,0,0,0,0,0,0,0,0,0,0,0
"Sweden","Thomas Sjöberg",1,0,0,0,0,0,0,0,0,0,0,0,0,0,0,0,0,0,0,0,1
"Sweden","Lennart Skoglund",1,0,0,0,0,0,0,0,0,0,0,0,0,0,0,0,0,0,0,1,0
"Sweden","Glenn Strömberg",1,0,0,0,0,0,0,0,0,0,0,1,0,0,0,0,0,0,0,0,0
"Sweden","Anders Svensson",1,0,0,0,0,0,0,0,0,0,0,0,1,0,0,0,0,0,0,0,0
"Sweden","Conny Torstensson",1,0,0,0,0,0,0,0,1,0,0,0,0,0,0,0,0,0,0,0,0
"Sweden","Tom Turesson",1,0,0,0,0,0,0,1,0,0,0,0,0,0,0,0,0,0,0,0,0
"Bolivia","Erwin Sánchez",1,0,0,0,0,0,0,0,0,1,0,0,0,0,0,0,0,0,0,0,0
"Switzerland","Josef Hügi",6,0,0,0,0,0,0,0,0,0,0,0,0,0,0,0,0,0,6,0,0
"Switzerland","André Abegglen",4,0,0,0,0,0,0,0,0,0,0,0,0,0,0,0,3,1,0,0,0
"Switzerland","Robert Ballaman",4,0,0,0,0,0,0,0,0,0,0,0,0,0,0,0,0,0,4,0,0
"Switzerland","Jacques Fatton",3,0,0,0,0,0,0,0,0,0,0,0,0,0,2,0,0,0,1,0,0
"Switzerland","Leopold Kielholz",3,0,0,0,0,0,0,0,0,0,0,0,0,0,0,0,0,3,0,0,0
"Switzerland","Xherdan Shaqiri",3,0,0,0,3,0,0,0,0,0,0,0,0,0,0,0,0,0,0,0,0
"Switzerland","Alexander Frei",2,0,0,0,0,0,0,0,0,0,0,0,0,0,0,2,0,0,0,0,0
"Switzerland","Adrian Knup",2,0,0,0,0,0,0,0,0,2,0,0,0,0,0,0,0,0,0,0,0
"Switzerland","Charles Antenen",1,0,0,0,0,0,0,0,0,0,0,0,0,0,1,0,0,0,0,0,0
"Switzerland","René Bader",1,0,0,0,0,0,0,0,0,0,0,0,0,0,1,0,0,0,0,0,0
"Switzerland","Tranquillo Barnetta",1,0,0,0,0,0,0,0,0,0,0,0,0,0,0,1,0,0,0,0,0
"Switzerland","Alfred Bickel",1,0,0,0,0,0,0,0,0,0,0,0,0,0,0,0,1,0,0,0,0
"Switzerland","Georges Bregy",1,0,0,0,0,0,0,0,0,1,0,0,0,0,0,0,0,0,0,0,0
"Switzerland","Stéphane Chapuisat",1,0,0,0,0,0,0,0,0,1,0,0,0,0,0,0,0,0,0,0,0
"Switzerland","Blerim Džemaili",1,0,0,0,1,0,0,0,0,0,0,0,0,0,0,0,0,0,0,0,0
"Switzerland","Gelson Fernandes",1,0,0,1,0,0,0,0,0,0,0,0,0,0,0,0,0,0,0,0,0
"Switzerland","Willy Jäggi",1,0,0,0,0,0,0,0,0,0,0,0,0,0,0,0,0,1,0,0,0
"Switzerland","Admir Mehmedi",1,0,0,0,1,0,0,0,0,0,0,0,0,0,0,0,0,0,0,0,0
"Switzerland","René-Pierre Quentin",1,0,0,0,0,0,1,0,0,0,0,0,0,0,0,0,0,0,0,0,0
"Switzerland","Heinz Schneiter",1,0,0,0,0,1,0,0,0,0,0,0,0,0,0,0,0,0,0,0,0
"Switzerland","Haris Seferovi?",1,0,0,0,1,0,0,0,0,0,0,0,0,0,0,0,0,0,0,0,0
"Switzerland","Philippe Senderos",1,0,0,0,0,0,0,0,0,0,0,0,0,0,0,1,0,0,0,0,0
"Switzerland","Alain Sutter",1,0,0,0,0,0,0,0,0,1,0,0,0,0,0,0,0,0,0,0,0
"Switzerland","Eugen Walaschek",1,0,0,0,0,0,0,0,0,0,0,0,0,0,0,0,1,0,0,0,0
"Switzerland","Rolf Wüthrich",1,0,0,0,0,1,0,0,0,0,0,0,0,0,0,0,0,0,0,0,0
"Switzerland","Granit Xhaka",1,0,0,0,1,0,0,0,0,0,0,0,0,0,0,0,0,0,0,0,0
"Togo","Mohamed Kader",1,0,0,0,0,0,0,0,0,0,0,0,0,0,0,1,0,0,0,0,0
"Trinidad and Tobago","Total",0,0,0,0,0,0,0,0,0,0,0,0,0,0,0,0,0,0,0,0,0
"Tunisia","Raouf Bouzaiene",1,0,0,0,0,0,0,0,0,0,0,0,1,0,0,0,0,0,0,0,0
"Tunisia","Mokhtar Dhouib",1,0,0,0,0,0,0,0,0,0,0,0,0,0,0,0,0,0,0,0,1
"Tunisia","Néjib Ghommidh",1,0,0,0,0,0,0,0,0,0,0,0,0,0,0,0,0,0,0,0,1
"Tunisia","Radhi Jaïdi",1,0,0,0,0,0,0,0,0,0,0,0,0,0,0,1,0,0,0,0,0
"Tunisia","Ziad Jaziri",1,0,0,0,0,0,0,0,0,0,0,0,0,0,0,1,0,0,0,0,0
"Tunisia","Ali Kaabi",1,0,0,0,0,0,0,0,0,0,0,0,0,0,0,0,0,0,0,0,1
"Tunisia","Jawhar Mnari",1,0,0,0,0,0,0,0,0,0,0,0,0,0,0,1,0,0,0,0,0
"Tunisia","Skander Souayah",1,0,0,0,0,0,0,0,0,0,1,0,0,0,0,0,0,0,0,0,0
"Turkey","Burhan Sarg?n",3,0,0,0,0,0,0,0,0,0,0,0,0,0,0,0,0,0,3,0,0
"Turkey","?lhan Mans?z",3,0,0,0,0,0,0,0,0,0,0,0,3,0,0,0,0,0,0,0,0
"Turkey","Suat Mamat",3,0,0,0,0,0,0,0,0,0,0,0,0,0,0,0,0,0,3,0,0
"Turkey","Hasan ?a?",2,0,0,0,0,0,0,0,0,0,0,0,2,0,0,0,0,0,0,0,0
"Turkey","Lefter Küçükandonyadis",2,0,0,0,0,0,0,0,0,0,0,0,0,0,0,0,0,0,2,0,0
"Turkey","Ümit Davala",2,0,0,0,0,0,0,0,0,0,0,0,2,0,0,0,0,0,0,0,0
"Turkey","Bülent Korkmaz",1,0,0,0,0,0,0,0,0,0,0,0,1,0,0,0,0,0,0,0,0
"Turkey","Emre Belözo?lu",1,0,0,0,0,0,0,0,0,0,0,0,1,0,0,0,0,0,0,0,0
"Turkey","Erol Keskin",1,0,0,0,0,0,0,0,0,0,0,0,0,0,0,0,0,0,1,0,0
"Turkey","Hakan ?ükür",1,0,0,0,0,0,0,0,0,0,0,0,1,0,0,0,0,0,0,0,0
"Turkey","Mustafa Ertan",1,0,0,0,0,0,0,0,0,0,0,0,0,0,0,0,0,0,1,0,0
"Ukraine","Andriy Shevchenko",2,0,0,0,0,0,0,0,0,0,0,0,0,0,0,2,0,0,0,0,0
"Ukraine","Maksym Kalynychenko",1,0,0,0,0,0,0,0,0,0,0,0,0,0,0,1,0,0,0,0,0
"Ukraine","Serhiy Rebrov",1,0,0,0,0,0,0,0,0,0,0,0,0,0,0,1,0,0,0,0,0
"Ukraine","Andriy Rusol",1,0,0,0,0,0,0,0,0,0,0,0,0,0,0,1,0,0,0,0,0
"United Arab Emirates","Ali Thani",1,0,0,0,0,0,0,0,0,0,0,1,0,0,0,0,0,0,0,0,0
"United Arab Emirates","Khalid Ismaïl",1,0,0,0,0,0,0,0,0,0,0,1,0,0,0,0,0,0,0,0,0
"United States","Landon Donovan",5,0,0,3,0,0,0,0,0,0,0,0,2,0,0,0,0,0,0,0,0
"United States","Clint Dempsey",4,0,0,1,2,0,0,0,0,0,0,0,0,0,0,1,0,0,0,0,0
"United States","Bert Patenaude",4,0,0,0,0,0,0,0,0,0,0,0,0,4,0,0,0,0,0,0,0
"United States","Brian McBride",3,0,0,0,0,0,0,0,0,0,1,0,2,0,0,0,0,0,0,0,0
"United States","Michael Bradley",1,0,0,1,0,0,0,0,0,0,0,0,0,0,0,0,0,0,0,0,0
"United States","John Brooks",1,0,0,0,1,0,0,0,0,0,0,0,0,0,0,0,0,0,0,0,0
"United States","Jim Brown",1,0,0,0,0,0,0,0,0,0,0,0,0,1,0,0,0,0,0,0,0
"United States","Paul Caligiuri",1,0,0,0,0,0,0,0,0,0,0,1,0,0,0,0,0,0,0,0,0
"United States","Aldo Donelli",1,0,0,0,0,0,0,0,0,0,0,0,0,0,0,0,0,1,0,0,0
"United States","Tom Florie",1,0,0,0,0,0,0,0,0,0,0,0,0,1,0,0,0,0,0,0,0
"United States","Joe Gaetjens",1,0,0,0,0,0,0,0,0,0,0,0,0,0,1,0,0,0,0,0,0
"United States","Julian Green",1,0,0,0,1,0,0,0,0,0,0,0,0,0,0,0,0,0,0,0,0
"United States","Jermaine Jones",1,0,0,0,1,0,0,0,0,0,0,0,0,0,0,0,0,0,0,0,0
"United States","Joe Maca",1,0,0,0,0,0,0,0,0,0,0,0,0,0,1,0,0,0,0,0,0
"United States","Clint Mathis",1,0,0,0,0,0,0,0,0,0,0,0,1,0,0,0,0,0,0,0,0
"United States","Bart McGhee",1,0,0,0,0,0,0,0,0,0,0,0,0,1,0,0,0,0,0,0,0
"United States","Bruce Murray",1,0,0,0,0,0,0,0,0,0,0,1,0,0,0,0,0,0,0,0,0
"United States","John O'Brien",1,0,0,0,0,0,0,0,0,0,0,0,1,0,0,0,0,0,0,0,0
"United States","Gino Pariani",1,0,0,0,0,0,0,0,0,0,0,0,0,0,1,0,0,0,0,0,0
"United States","Earnie Stewart",1,0,0,0,0,0,0,0,0,1,0,0,0,0,0,0,0,0,0,0,0
"United States","Frank Wallace",1,0,0,0,0,0,0,0,0,0,0,0,0,0,1,0,0,0,0,0,0
"United States","Eric Wynalda",1,0,0,0,0,0,0,0,0,1,0,0,0,0,0,0,0,0,0,0,0
"United States","Own goals",3,0,0,0,0,0,0,0,0,1,0,0,1,0,0,1,0,0,0,0,0
"Uruguay","Óscar Míguez",8,0,0,0,0,0,0,0,0,0,0,0,0,0,5,0,0,0,3,0,0
"Uruguay","Diego Forlán",6,0,0,5,0,0,0,0,0,0,0,0,1,0,0,0,0,0,0,0,0
"Uruguay","Pedro Cea",5,0,0,0,0,0,0,0,0,0,0,0,0,5,0,0,0,0,0,0,0
"Uruguay","Juan Alberto Schiaffino",5,0,0,0,0,0,0,0,0,0,0,0,0,0,3,0,0,0,2,0,0
"Uruguay","Luis Suárez",5,0,0,3,2,0,0,0,0,0,0,0,0,0,0,0,0,0,0,0,0
"Uruguay","Carlos Borges",4,0,0,0,0,0,0,0,0,0,0,0,0,0,0,0,0,0,4,0,0
"Uruguay","Alcides Ghiggia",4,0,0,0,0,0,0,0,0,0,0,0,0,0,4,0,0,0,0,0,0
"Uruguay","Peregrino Anselmo",3,0,0,0,0,0,0,0,0,0,0,0,0,3,0,0,0,0,0,0,0
"Uruguay","Juan Hohberg",3,0,0,0,0,0,0,0,0,0,0,0,0,0,0,0,0,0,3,0,0
"Uruguay","Julio Abbadie",2,0,0,0,0,0,0,0,0,0,0,0,0,0,0,0,0,0,2,0,0
"Uruguay","Héctor Castro",2,0,0,0,0,0,0,0,0,0,0,0,0,2,0,0,0,0,0,0,0
"Uruguay","Edinson Cavani",2,0,0,1,1,0,0,0,0,0,0,0,0,0,0,0,0,0,0,0,0
"Uruguay","Luis Cubilla",2,0,0,0,0,1,0,1,0,0,0,0,0,0,0,0,0,0,0,0,0
"Uruguay","Pablo Dorado",2,0,0,0,0,0,0,0,0,0,0,0,0,2,0,0,0,0,0,0,0
"Uruguay","Santos Iriarte",2,0,0,0,0,0,0,0,0,0,0,0,0,2,0,0,0,0,0,0,0
"Uruguay","José Sasía",2,0,0,0,0,2,0,0,0,0,0,0,0,0,0,0,0,0,0,0,0
"Uruguay","Obdulio Varela",2,0,0,0,0,0,0,0,0,0,0,0,0,0,1,0,0,0,1,0,0
"Uruguay","Antonio Alzamendi",1,0,1,0,0,0,0,0,0,0,0,0,0,0,0,0,0,0,0,0,0
"Uruguay","Javier Ambrois",1,0,0,0,0,0,0,0,0,0,0,0,0,0,0,0,0,0,1,0,0
"Uruguay","Pablo Bengoechea",1,0,0,0,0,0,0,0,0,0,0,1,0,0,0,0,0,0,0,0,0
"Uruguay","Ángel Cabrera",1,0,0,0,0,1,0,0,0,0,0,0,0,0,0,0,0,0,0,0,0
"Uruguay","Julio César Cortés",1,0,0,0,0,0,1,0,0,0,0,0,0,0,0,0,0,0,0,0,0
"Uruguay","Víctor Espárrago",1,0,0,0,0,0,0,1,0,0,0,0,0,0,0,0,0,0,0,0,0
"Uruguay","Enzo Francescoli",1,0,1,0,0,0,0,0,0,0,0,0,0,0,0,0,0,0,0,0,0
"Uruguay","Daniel Fonseca",1,0,0,0,0,0,0,0,0,0,0,1,0,0,0,0,0,0,0,0,0
"Uruguay","Diego Godín",1,0,0,0,1,0,0,0,0,0,0,0,0,0,0,0,0,0,0,0,0
"Uruguay","Ildo Maneiro",1,0,0,0,0,0,0,1,0,0,0,0,0,0,0,0,0,0,0,0,0
"Uruguay","Richard Morales",1,0,0,0,0,0,0,0,0,0,0,0,1,0,0,0,0,0,0,0,0
"Uruguay","Juan Mujica",1,0,0,0,0,0,0,1,0,0,0,0,0,0,0,0,0,0,0,0,0
"Uruguay","Ricardo Pavoni",1,0,0,0,0,0,0,0,1,0,0,0,0,0,0,0,0,0,0,0,0
"Uruguay","Álvaro Pereira",1,0,0,1,0,0,0,0,0,0,0,0,0,0,0,0,0,0,0,0,0
"Uruguay","Maxi Pereira",1,0,0,1,0,0,0,0,0,0,0,0,0,0,0,0,0,0,0,0,0
"Uruguay","Julio Pérez",1,0,0,0,0,0,0,0,0,0,0,0,0,0,1,0,0,0,0,0,0
"Uruguay","Álvaro Recoba",1,0,0,0,0,0,0,0,0,0,0,0,1,0,0,0,0,0,0,0,0
"Uruguay","Pedro Rocha",1,0,0,0,0,0,1,0,0,0,0,0,0,0,0,0,0,0,0,0,0
"Uruguay","Darío Rodríguez",1,0,0,0,0,0,0,0,0,0,0,0,1,0,0,0,0,0,0,0,0
"Uruguay","Héctor Scarone",1,0,0,0,0,0,0,0,0,0,0,0,0,1,0,0,0,0,0,0,0
"Uruguay","Ernesto Vidal",1,0,0,0,0,0,0,0,0,0,0,0,0,0,1,0,0,0,0,0,0
"Wales","Ivor Allchurch",2,0,0,0,0,0,0,0,0,0,0,0,0,0,0,0,0,0,0,2,0
"Wales","John Charles",1,0,0,0,0,0,0,0,0,0,0,0,0,0,0,0,0,0,0,1,0
"Wales","Terry Medwin",1,0,0,0,0,0,0,0,0,0,0,0,0,0,0,0,0,0,0,1,0
"Bosnia and Herzegovina","Edin Džeko",1,0,0,0,1,0,0,0,0,0,0,0,0,0,0,0,0,0,0,0,0
"Bosnia and Herzegovina","Vedad Ibiševi?",1,0,0,0,1,0,0,0,0,0,0,0,0,0,0,0,0,0,0,0,0
"Bosnia and Herzegovina","Miralem Pjani?",1,0,0,0,1,0,0,0,0,0,0,0,0,0,0,0,0,0,0,0,0
"Bosnia and Herzegovina","Avdija Vršajevi?",1,0,0,0,1,0,0,0,0,0,0,0,0,0,0,0,0,0,0,0,0
"Yugoslavia","Dražan Jerkovi?",4,0,0,0,0,4,0,0,0,0,0,0,0,0,0,0,0,0,0,0,0
"Yugoslavia","Ivan Bek",3,0,0,0,0,0,0,0,0,0,0,0,0,3,0,0,0,0,0,0,0
"Yugoslavia","Dušan Bajevi?",3,0,0,0,0,0,0,0,3,0,0,0,0,0,0,0,0,0,0,0,0
"Yugoslavia","Dragan Stojkovi?",3,0,0,0,0,0,0,0,0,0,1,2,0,0,0,0,0,0,0,0,0
"Yugoslavia","Todor Veselinovi?",3,0,0,0,0,0,0,0,0,0,0,0,0,0,0,0,0,0,0,3,0
"Yugoslavia","Željko ?ajkovski",2,0,0,0,0,0,0,0,0,0,0,0,0,0,2,0,0,0,0,0,0
"Yugoslavia","Milan Gali?",2,0,0,0,0,2,0,0,0,0,0,0,0,0,0,0,0,0,0,0,0
"Yugoslavia","Davor Jozi?",2,0,0,0,0,0,0,0,0,0,0,2,0,0,0,0,0,0,0,0,0
"Yugoslavia","Stanislav Karasi",2,0,0,0,0,0,0,0,2,0,0,0,0,0,0,0,0,0,0,0,0
"Yugoslavia","Slobodan Komljenovi?",2,0,0,0,0,0,0,0,0,0,2,0,0,0,0,0,0,0,0,0,0
"Yugoslavia","Darko Pan?ev",2,0,0,0,0,0,0,0,0,0,0,2,0,0,0,0,0,0,0,0,0
"Yugoslavia","Aleksandar Petakovi?",2,0,0,0,0,0,0,0,0,0,0,0,0,0,0,0,0,0,0,2,0
"Yugoslavia","Ivica Surjak",2,0,0,0,0,0,0,0,2,0,0,0,0,0,0,0,0,0,0,0,0
"Yugoslavia","Kosta Tomaševi?",2,0,0,0,0,0,0,0,0,0,0,0,0,0,2,0,0,0,0,0,0
"Yugoslavia","?or?e Vujadinovi?",2,0,0,0,0,0,0,0,0,0,0,0,0,2,0,0,0,0,0,0,0
"Yugoslavia","Stjepan Bobek",1,0,0,0,0,0,0,0,0,0,0,0,0,0,1,0,0,0,0,0,0
"Yugoslavia","Vladislav Bogi?evi?",1,0,0,0,0,0,0,0,1,0,0,0,0,0,0,0,0,0,0,0,0
"Yugoslavia","Dragan Džaji?",1,0,0,0,0,0,0,0,1,0,0,0,0,0,0,0,0,0,0,0,0
"Yugoslavia","Ivan Gudelj",1,1,0,0,0,0,0,0,0,0,0,0,0,0,0,0,0,0,0,0,0
"Yugoslavia","Josip Katalinski",1,0,0,0,0,0,0,0,1,0,0,0,0,0,0,0,0,0,0,0,0
"Yugoslavia","Blagoje Marjanovi?",1,0,0,0,0,0,0,0,0,0,0,0,0,1,0,0,0,0,0,0,0
"Yugoslavia","Siniša Mihajlovi?",1,0,0,0,0,0,0,0,0,0,1,0,0,0,0,0,0,0,0,0,0
"Yugoslavia","Predrag Mijatovi?",1,0,0,0,0,0,0,0,0,0,1,0,0,0,0,0,0,0,0,0,0
"Yugoslavia","Miloš Milutinovi?",1,0,0,0,0,0,0,0,0,0,0,0,0,0,0,0,0,0,1,0,0
"Yugoslavia","Vojislav Meli?",1,0,0,0,0,1,0,0,0,0,0,0,0,0,0,0,0,0,0,0,0
"Yugoslavia","Rajko Miti?",1,0,0,0,0,0,0,0,0,0,0,0,0,0,1,0,0,0,0,0,0
"Yugoslavia","Branko Oblak",1,0,0,0,0,0,0,0,1,0,0,0,0,0,0,0,0,0,0,0,0
"Yugoslavia","Tihomir Ognjanov",1,0,0,0,0,0,0,0,0,0,0,0,0,0,1,0,0,0,0,0,0
"Yugoslavia","Radivoje Ognjanovi?",1,0,0,0,0,0,0,0,0,0,0,0,0,0,0,0,0,0,0,1,0
"Yugoslavia","Ilija Petkovi?",1,0,0,0,0,0,0,0,1,0,0,0,0,0,0,0,0,0,0,0,0
"Yugoslavia","Vladimir Petrovi?",1,1,0,0,0,0,0,0,0,0,0,0,0,0,0,0,0,0,0,0,0
"Yugoslavia","Robert Prosine?ki",1,0,0,0,0,0,0,0,0,0,0,1,0,0,0,0,0,0,0,0,0
"Yugoslavia","Petar Radakovi?",1,0,0,0,0,1,0,0,0,0,0,0,0,0,0,0,0,0,0,0,0
"Yugoslavia","Zdravko Rajkov",1,0,0,0,0,0,0,0,0,0,0,0,0,0,0,0,0,0,0,1,0
"Yugoslavia","Josip Skoblar",1,0,0,0,0,1,0,0,0,0,0,0,0,0,0,0,0,0,0,0,0
"Yugoslavia","Safet Suši?",1,0,0,0,0,0,0,0,0,0,0,1,0,0,0,0,0,0,0,0,0
"Yugoslavia","Aleksandar Tirnani?",1,0,0,0,0,0,0,0,0,0,0,0,0,1,0,0,0,0,0,0,0
"Yugoslavia","Branko Zebec",1,0,0,0,0,0,0,0,0,0,0,0,0,0,0,0,0,0,1,0,0
"Brazil","Ronaldo",15,0,0,0,0,0,0,0,0,0,4,0,8,0,0,3,0,0,0,0,0
"Brazil","Pelé",12,0,0,0,0,1,1,4,0,0,0,0,0,0,0,0,0,0,0,6,0
"Brazil","Jairzinho",9,0,0,0,0,0,0,7,2,0,0,0,0,0,0,0,0,0,0,0,0
"Brazil","Vavá",9,0,0,0,0,4,0,0,0,0,0,0,0,0,0,0,0,0,0,5,0
"Brazil","Ademir",8,0,0,0,0,0,0,0,0,0,0,0,0,0,8,0,0,0,0,0,0
"Brazil","Leônidas",8,0,0,0,0,0,0,0,0,0,0,0,0,0,0,0,7,1,0,0,0
"Brazil","Rivaldo",8,0,0,0,0,0,0,0,0,0,3,0,5,0,0,0,0,0,0,0,0
"Brazil","Careca",7,0,5,0,0,0,0,0,0,0,0,2,0,0,0,0,0,0,0,0,0
"Brazil","Bebeto",6,0,0,0,0,0,0,0,0,3,3,0,0,0,0,0,0,0,0,0,0
"Brazil","Rivelino",6,0,0,0,0,0,0,3,3,0,0,0,0,0,0,0,0,0,0,0,0
"Brazil","Garrincha",5,0,0,0,0,4,1,0,0,0,0,0,0,0,0,0,0,0,0,0,0
"Brazil","Romário",5,0,0,0,0,0,0,0,0,5,0,0,0,0,0,0,0,0,0,0,0
"Brazil","Zico",5,4,0,0,0,0,0,0,0,0,0,0,0,0,0,0,0,0,0,0,1
"Brazil","Chico",4,0,0,0,0,0,0,0,0,0,0,0,0,0,4,0,0,0,0,0,0
"Brazil","Neymar",4,0,0,0,4,0,0,0,0,0,0,0,0,0,0,0,0,0,0,0,0
"Brazil","Sócrates",4,2,2,0,0,0,0,0,0,0,0,0,0,0,0,0,0,0,0,0,0
"Brazil","Amarildo",3,0,0,0,0,3,0,0,0,0,0,0,0,0,0,0,0,0,0,0,0
"Brazil","Baltazar",3,0,0,0,0,0,0,0,0,0,0,0,0,0,2,0,0,0,1,0,0
"Brazil","César Sampaio",3,0,0,0,0,0,0,0,0,0,3,0,0,0,0,0,0,0,0,0,0
"Brazil","Didi",3,0,0,0,0,0,0,0,0,0,0,0,0,0,0,0,0,0,2,1,0
"Brazil","Dirceu",3,0,0,0,0,0,0,0,0,0,0,0,0,0,0,0,0,0,0,0,3
"Brazil","Falcão",3,3,0,0,0,0,0,0,0,0,0,0,0,0,0,0,0,0,0,0,0
"Brazil","Luís Fabiano",3,0,0,3,0,0,0,0,0,0,0,0,0,0,0,0,0,0,0,0,0
"Brazil","Perácio",3,0,0,0,0,0,0,0,0,0,0,0,0,0,0,0,3,0,0,0,0
"Brazil","Preguinho",3,0,0,0,0,0,0,0,0,0,0,0,0,3,0,0,0,0,0,0,0
"Brazil","Roberto Dinamite",3,0,0,0,0,0,0,0,0,0,0,0,0,0,0,0,0,0,0,0,3
"Brazil","Romeu",3,0,0,0,0,0,0,0,0,0,0,0,0,0,0,0,3,0,0,0,0
"Brazil","Tostão",3,0,0,0,0,0,1,2,0,0,0,0,0,0,0,0,0,0,0,0,0
"Brazil","Adriano",2,0,0,0,0,0,0,0,0,0,0,0,0,0,0,2,0,0,0,0,0
"Brazil","David Luiz",2,0,0,0,2,0,0,0,0,0,0,0,0,0,0,0,0,0,0,0,0
"Brazil","Éder",2,2,0,0,0,0,0,0,0,0,0,0,0,0,0,0,0,0,0,0,0
"Brazil","Elano",2,0,0,2,0,0,0,0,0,0,0,0,0,0,0,0,0,0,0,0,0
"Brazil","Fred",2,0,0,0,1,0,0,0,0,0,0,0,0,0,0,1,0,0,0,0,0
"Brazil","Jair",2,0,0,0,0,0,0,0,0,0,0,0,0,0,2,0,0,0,0,0,0
"Brazil","Josimar",2,0,2,0,0,0,0,0,0,0,0,0,0,0,0,0,0,0,0,0,0
"Brazil","Julinho",2,0,0,0,0,0,0,0,0,0,0,0,0,0,0,0,0,0,2,0,0
"Brazil","Mazola",2,0,0,0,0,0,0,0,0,0,0,0,0,0,0,0,0,0,0,2,0
"Brazil","Moderato",2,0,0,0,0,0,0,0,0,0,0,0,0,2,0,0,0,0,0,0,0
"Brazil","Müller",2,0,0,0,0,0,0,0,0,0,0,2,0,0,0,0,0,0,0,0,0
"Brazil","Nelinho",2,0,0,0,0,0,0,0,0,0,0,0,0,0,0,0,0,0,0,0,2
"Brazil","Oscar",2,0,0,0,2,0,0,0,0,0,0,0,0,0,0,0,0,0,0,0,0
"Brazil","Pinga",2,0,0,0,0,0,0,0,0,0,0,0,0,0,0,0,0,0,2,0,0
"Brazil","Robinho",2,0,0,2,0,0,0,0,0,0,0,0,0,0,0,0,0,0,0,0,0
"Brazil","Ronaldinho",2,0,0,0,0,0,0,0,0,0,0,0,2,0,0,0,0,0,0,0,0
"Brazil","Serginho",2,2,0,0,0,0,0,0,0,0,0,0,0,0,0,0,0,0,0,0,0
"Brazil","Zagallo",2,0,0,0,0,1,0,0,0,0,0,0,0,0,0,0,0,0,0,1,0
"Brazil","Zizinho",2,0,0,0,0,0,0,0,0,0,0,0,0,0,2,0,0,0,0,0,0
"Brazil","Alfredo",1,0,0,0,0,0,0,0,0,0,0,0,0,0,1,0,0,0,0,0,0
"Brazil","Branco",1,0,0,0,0,0,0,0,0,1,0,0,0,0,0,0,0,0,0,0,0
"Brazil","Carlos Alberto",1,0,0,0,0,0,0,1,0,0,0,0,0,0,0,0,0,0,0,0,0
"Brazil","Clodoaldo",1,0,0,0,0,0,0,1,0,0,0,0,0,0,0,0,0,0,0,0,0
"Brazil","Djalma Santos",1,0,0,0,0,0,0,0,0,0,0,0,0,0,0,0,0,0,1,0,0
"Brazil","Edinho",1,0,1,0,0,0,0,0,0,0,0,0,0,0,0,0,0,0,0,0,0
"Brazil","Edmílson",1,0,0,0,0,0,0,0,0,0,0,0,1,0,0,0,0,0,0,0,0
"Brazil","Fernandinho",1,0,0,0,1,0,0,0,0,0,0,0,0,0,0,0,0,0,0,0,0
"Brazil","Friaça",1,0,0,0,0,0,0,0,0,0,0,0,0,0,1,0,0,0,0,0,0
"Brazil","Gérson",1,0,0,0,0,0,0,1,0,0,0,0,0,0,0,0,0,0,0,0,0
"Brazil","Gilberto",1,0,0,0,0,0,0,0,0,0,0,0,0,0,0,1,0,0,0,0,0
"Brazil","Juan",1,0,0,1,0,0,0,0,0,0,0,0,0,0,0,0,0,0,0,0,0
"Brazil","Juninho",1,0,0,0,0,0,0,0,0,0,0,0,0,0,0,1,0,0,0,0,0
"Brazil","Júnior",1,1,0,0,0,0,0,0,0,0,0,0,0,0,0,0,0,0,0,0,0
"Brazil","Júnior",1,0,0,0,0,0,0,0,0,0,0,0,1,0,0,0,0,0,0,0,0
"Brazil","Kaká",1,0,0,0,0,0,0,0,0,0,0,0,0,0,0,1,0,0,0,0,0
"Brazil","Maicon",1,0,0,1,0,0,0,0,0,0,0,0,0,0,0,0,0,0,0,0,0
"Brazil","Maneca",1,0,0,0,0,0,0,0,0,0,0,0,0,0,1,0,0,0,0,0,0
"Brazil","Márcio Santos",1,0,0,0,0,0,0,0,0,1,0,0,0,0,0,0,0,0,0,0,0
"Brazil","Nílton Santos",1,0,0,0,0,0,0,0,0,0,0,0,0,0,0,0,0,0,0,1,0
"Brazil","Oscar",1,1,0,0,0,0,0,0,0,0,0,0,0,0,0,0,0,0,0,0,0
"Brazil","Raí",1,0,0,0,0,0,0,0,0,1,0,0,0,0,0,0,0,0,0,0,0
"Brazil","Reinaldo",1,0,0,0,0,0,0,0,0,0,0,0,0,0,0,0,0,0,0,0,1
"Brazil","Rildo",1,0,0,0,0,0,1,0,0,0,0,0,0,0,0,0,0,0,0,0,0
"Brazil","Roberto",1,0,0,0,0,0,0,0,0,0,0,0,0,0,0,0,1,0,0,0,0
"Brazil","Roberto Carlos",1,0,0,0,0,0,0,0,0,0,0,0,1,0,0,0,0,0,0,0,0
"Brazil","Thiago Silva",1,0,0,0,1,0,0,0,0,0,0,0,0,0,0,0,0,0,0,0,0
"Brazil","Valdomiro",1,0,0,0,0,0,0,0,1,0,0,0,0,0,0,0,0,0,0,0,0
"Brazil","Zé Roberto",1,0,0,0,0,0,0,0,0,0,0,0,0,0,0,1,0,0,0,0,0
"Brazil","Zito",1,0,0,0,0,1,0,0,0,0,0,0,0,0,0,0,0,0,0,0,0
"Brazil","Own goals",2,0,0,0,0,0,0,0,0,0,1,0,0,0,1,0,0,0,0,0,0
"Netherlands","Daley Blind",1,0,0,0,1,0,0,0,0,0,0,0,0,0,0,0,0,0,0,0,0
"Netherlands","Georginio Wijnaldum",1,0,0,0,1,0,0,0,0,0,0,0,0,0,0,0,0,0,0,0,0
"Germany","Mario Götze",1,0,0,0,1,0,0,0,0,0,0,0,0,0,0,0,0,0,0,0,0
